date,cet1_ratio,cet1_ratio_fully_loaded,tier1_ratio,total_capital_ratio,leverage_ratio,cet1_capital_eur_k,rwa_eur_k,at1_eligible_eur_k
2024-03-31,13.0661,13.0661,15.1099,17.0618,4.4200,94383000,722349000,15259000
2024-06-30,13.0338,13.0338,15.0531,16.9326,4.4500,95506000,732758000,15280000
2024-09-30,12.6744,12.6744,14.7283,16.7052,4.4200,96255000,759445000,16103000
2024-12-31,12.8735,12.8735,14.9253,17.1311,4.6200,98128000,762247000,16124000
2025-03-31,12.5415,12.3990,14.5184,16.9284,4.3700,98255000,783440000,15977000
2025-06-30,12.4588,12.3955,14.5459,16.7251,4.4100,98281000,788850000,16977000
2025-09-30,12.4982,12.4297,14.4407,16.7350,4.3400,97383000,779177000,15626000
2025-12-31,12.6063,12.5637,14.7381,16.9693,4.4800,98265000,779490000,17127000
2026-03-31,12.7652,,15.0647,17.2799,4.4300,100066000,783898000,18537000
2026-06-30,12.9724,,15.4686,17.7096,4.4000,103184000,795412000,19902000
