date,cet1_ratio,tier1_ratio,leverage_ratio,p1,p2r_cet1,ccob,ccyb,gsib,srb,cet1_requirement,tier1_requirement,leverage_requirement,mda_floor,combined_buffer,cet1_cushion
2014-12-31,10.5003,11.4618,3.6000,,,,,,,,,,,,
2015-12-31,11.0482,12.2062,4.0300,,,,,,,,,,,,
2016-12-31,11.6067,12.8723,4.4000,,,,,,,,,,,,
2017-12-31,11.8841,13.1769,4.6500,,,,,,,,,,,,
2018-12-31,11.7821,13.1246,4.5000,,,,,,,,,,,,
2019-12-31,12.1412,13.4507,4.6000,4.5000,1.2500,2.5000,0.1700,1.5000,0.0000,9.9200,11.4200,,5.7500,4.1700,2.2212
2020-12-31,12.7626,14.2060,4.8900,4.5000,0.7000,2.5000,0.0200,1.5000,0.0000,9.2200,10.9600,,5.2000,4.0200,3.5426
2021-12-31,12.8877,14.0478,4.0800,4.5000,0.7000,2.5000,0.0300,1.5000,0.0000,9.2300,10.9700,3.0000,5.2000,4.0300,3.6577
2022-12-31,12.3284,13.8880,4.3400,4.5000,0.7800,2.5000,0.0900,1.5000,0.0800,9.4500,11.2100,3.0000,5.2800,4.1700,2.8784
2023-12-31,13.1957,15.2767,4.5800,4.5000,0.8800,2.5000,0.4000,1.5000,0.0000,9.7800,11.5800,3.7500,5.3800,4.4000,3.4157
2024-12-31,12.8735,14.9253,4.6200,4.5000,1.1100,2.5000,0.6700,1.5000,0.0400,10.3300,12.1100,3.8500,5.6100,4.7100,2.5435
2025-12-31,12.6063,14.7381,4.4800,4.5000,1.1400,2.5000,0.7400,1.5000,0.1400,10.5200,12.3200,3.8500,5.6400,4.8800,2.0863
