date,close_eur,volume
2023-12-06,60.66,2813151
2023-12-07,61.11,2523276
2023-12-08,61.85,2699114
2023-12-11,61.18,2198940
2023-12-12,60.82,1848851
2023-12-13,60.31,2044571
2023-12-14,62.88,4771017
2023-12-15,63.09,9283183
2023-12-18,62.39,1563237
2023-12-19,62.29,1836408
2023-12-20,62.86,2125843
2023-12-21,62.88,1458810
2023-12-22,63.01,1279974
2023-12-27,62.99,1184940
2023-12-28,62.45,856379
2023-12-29,62.59,764511
2024-01-02,63.36,1453297
2024-01-03,61.67,2161179
2024-01-04,62.91,2020844
2024-01-05,63.0,1720661
2024-01-08,63.14,1129620
2024-01-09,62.63,1334945
2024-01-10,62.43,1444745
2024-01-11,60.8,2383953
2024-01-12,60.83,1827811
2024-01-15,61.12,1328875
2024-01-16,60.75,1726074
2024-01-17,60.24,1829354
2024-01-18,60.66,1662660
2024-01-19,60.61,1550707
2024-01-22,61.53,1657658
2024-01-23,61.17,1379736
2024-01-24,61.99,2228528
2024-01-25,61.69,1315686
2024-01-26,62.55,2078747
2024-01-29,62.04,1483122
2024-01-30,62.2,1746594
2024-01-31,62.55,2628768
2024-02-01,56.79,9865002
2024-02-02,56.06,5384986
2024-02-05,56.1,3623657
2024-02-06,55.08,3989882
2024-02-07,54.8,3496049
2024-02-08,54.54,2920886
2024-02-09,53.44,4901434
2024-02-12,54.17,3202069
2024-02-13,53.83,2452307
2024-02-14,53.92,2374115
2024-02-15,54.01,2517763
2024-02-16,54.38,2901560
2024-02-19,54.77,2292612
2024-02-20,55.5,3168091
2024-02-21,55.9,2638341
2024-02-22,56.22,2618808
2024-02-23,56.39,2247149
2024-02-26,55.34,2763767
2024-02-27,55.6,2130501
2024-02-28,55.45,2386211
2024-02-29,55.38,3837416
2024-03-01,56.15,2517235
2024-03-04,57.27,3111764
2024-03-05,57.24,1968996
2024-03-06,57.27,2614268
2024-03-07,58.39,3758442
2024-03-08,58.93,2857525
2024-03-11,59.05,2759877
2024-03-12,59.71,4012391
2024-03-13,60.95,4745114
2024-03-14,60.25,3209386
2024-03-15,61.21,8949165
2024-03-18,61.36,2282031
2024-03-19,62.0,2947725
2024-03-20,61.93,2885055
2024-03-21,62.64,3666581
2024-03-22,62.8,2715480
2024-03-25,62.49,2176630
2024-03-26,64.31,3717066
2024-03-27,64.67,2891033
2024-03-28,65.86,3467964
2024-04-02,65.42,2995647
2024-04-03,66.53,3081188
2024-04-04,67.16,2583051
2024-04-05,66.55,2913205
2024-04-08,66.99,1847356
2024-04-09,66.64,2233616
2024-04-10,66.73,2452350
2024-04-11,65.51,3214765
2024-04-12,65.36,2351756
2024-04-15,65.77,2592068
2024-04-16,63.83,3485230
2024-04-17,64.15,2277500
2024-04-18,65.46,2716710
2024-04-19,65.43,2722009
2024-04-22,66.62,2691459
2024-04-23,68.05,3112172
2024-04-24,67.73,3367663
2024-04-25,68.36,3638561
2024-04-26,67.01,3211049
2024-04-29,67.72,2454535
2024-04-30,67.61,2349914
2024-05-02,67.45,1771056
2024-05-03,67.64,1775234
2024-05-06,68.23,1067014
2024-05-07,69.6,2449417
2024-05-08,69.94,2043377
2024-05-09,70.61,1688075
2024-05-10,71.2,2520057
2024-05-13,71.63,1870517
2024-05-14,71.52,1763827
2024-05-15,71.75,1803259
2024-05-16,71.61,1340519
2024-05-17,72.31,2796769
2024-05-20,72.9,2085075
2024-05-21,68.34,4197847
2024-05-22,67.52,1611847
2024-05-23,67.09,1593552
2024-05-24,67.21,1333372
2024-05-27,67.06,962501
2024-05-28,67.79,1390311
2024-05-29,66.93,1873775
2024-05-30,67.79,1654206
2024-05-31,67.7,3289110
2024-06-03,68.06,1415332
2024-06-04,66.83,2450741
2024-06-05,66.23,1613978
2024-06-06,66.85,2181388
2024-06-07,66.37,2120025
2024-06-10,63.21,7509856
2024-06-11,60.75,6746748
2024-06-12,61.82,4627597
2024-06-13,60.0,5973973
2024-06-14,58.41,8617206
2024-06-17,59.14,4341390
2024-06-18,59.46,2718136
2024-06-19,58.71,2947548
2024-06-20,60.11,2735541
2024-06-21,59.33,6377244
2024-06-24,61.27,3799351
2024-06-25,60.56,3411239
2024-06-26,60.25,3252961
2024-06-27,60.02,3437993
2024-06-28,59.53,4476230
2024-07-01,61.67,4655869
2024-07-02,61.23,2578874
2024-07-03,62.73,3555561
2024-07-04,63.92,2798016
2024-07-05,63.66,2358461
2024-07-08,62.54,3007412
2024-07-09,61.07,3863035
2024-07-10,61.62,1924593
2024-07-11,62.02,1692308
2024-07-12,62.44,1800462
2024-07-15,62.74,1580214
2024-07-16,62.57,1353639
2024-07-17,63.03,1890688
2024-07-18,63.65,2131235
2024-07-19,63.05,2758555
2024-07-22,64.53,2579090
2024-07-23,64.69,2555763
2024-07-24,64.08,2674629
2024-07-25,64.56,2229646
2024-07-26,64.46,1721058
2024-07-29,63.91,1857337
2024-07-30,64.24,1455532
2024-07-31,63.46,2630196
2024-08-01,61.46,3792758
2024-08-02,59.66,4648756
2024-08-05,58.6,4847967
2024-08-06,57.83,3470163
2024-08-07,59.46,3846128
2024-08-08,59.42,1704485
2024-08-09,59.25,1725418
2024-08-12,59.25,1361369
2024-08-13,59.27,1408935
2024-08-14,59.75,1798601
2024-08-15,60.47,1901263
2024-08-16,61.12,1845643
2024-08-19,61.36,1402256
2024-08-20,60.91,1388031
2024-08-21,61.18,1415680
2024-08-22,61.08,1219696
2024-08-23,61.42,1539381
2024-08-26,61.45,824515
2024-08-27,61.99,1394488
2024-08-28,61.88,1194154
2024-08-29,62.11,1482081
2024-08-30,62.58,2283144
2024-09-02,62.43,868046
2024-09-03,61.68,2131707
2024-09-04,61.92,1702441
2024-09-05,63.61,2748287
2024-09-06,62.18,2823213
2024-09-09,62.57,1689491
2024-09-10,62.18,1531845
2024-09-11,62.61,1731219
2024-09-12,63.47,2425097
2024-09-13,63.37,1562486
2024-09-16,63.29,1078696
2024-09-17,64.45,2197849
2024-09-18,64.15,1495272
2024-09-19,65.17,2272187
2024-09-20,64.78,4555256
2024-09-23,62.41,3820413
2024-09-24,62.82,1969233
2024-09-25,62.31,1645527
2024-09-26,63.24,2172542
2024-09-27,63.3,2468619
2024-09-30,61.55,3401241
2024-10-01,61.14,3016067
2024-10-02,60.96,1856508
2024-10-03,60.09,2721746
2024-10-04,60.86,3156894
2024-10-07,61.81,2118029
2024-10-08,61.9,1697615
2024-10-09,62.1,1933761
2024-10-10,61.92,1495515
2024-10-11,62.16,1447840
2024-10-14,62.92,1498110
2024-10-15,63.71,2926156
2024-10-16,64.48,2547930
2024-10-17,65.61,3538311
2024-10-18,66.27,3181758
2024-10-21,65.8,1753455
2024-10-22,65.7,1314922
2024-10-23,65.23,1702979
2024-10-24,65.33,1747989
2024-10-25,65.33,1462627
2024-10-28,66.02,1879445
2024-10-29,65.94,2294320
2024-10-30,65.5,2065998
2024-10-31,62.75,7008244
2024-11-01,63.04,3008056
2024-11-04,62.87,1950835
2024-11-05,62.74,2153744
2024-11-06,61.07,5045283
2024-11-07,59.05,5322315
2024-11-08,59.76,4731196
2024-11-11,60.94,3062744
2024-11-12,59.38,3871602
2024-11-13,59.12,2782805
2024-11-14,59.47,2110841
2024-11-15,60.11,2304077
2024-11-18,60.42,1536817
2024-11-19,59.31,3298668
2024-11-20,58.49,3040698
2024-11-21,58.22,3475100
2024-11-22,56.92,5607002
2024-11-25,56.98,4787044
2024-11-26,56.3,2952549
2024-11-27,55.63,4618436
2024-11-28,56.14,2383392
2024-11-29,56.64,3399190
2024-12-02,55.94,4192383
2024-12-03,55.78,3632470
2024-12-04,56.5,2626120
2024-12-05,57.97,3646351
2024-12-06,58.57,3758878
2024-12-09,60.06,3643529
2024-12-10,59.7,3017820
2024-12-11,59.59,1806949
2024-12-12,58.92,3064965
2024-12-13,58.94,2159456
2024-12-16,58.82,1775368
2024-12-17,58.25,3075365
2024-12-18,58.63,2891991
2024-12-19,57.81,2800740
2024-12-20,57.48,4839471
2024-12-23,57.44,1395481
2024-12-24,57.54,479686
2024-12-27,58.54,2338135
2024-12-30,58.73,1667203
2024-12-31,59.22,796685
2025-01-02,59.25,1571471
2025-01-03,58.49,2635522
2025-01-06,60.03,3444327
2025-01-07,60.4,3010929
2025-01-08,60.14,2534021
2025-01-09,59.95,1759110
2025-01-10,59.35,3177621
2025-01-13,59.64,2249295
2025-01-14,60.81,3608506
2025-01-15,62.08,4240049
2025-01-16,62.21,2413140
2025-01-17,62.24,3346287
2025-01-20,62.95,2581551
2025-01-21,63.11,1841077
2025-01-22,62.31,2831825
2025-01-23,63.38,2412811
2025-01-24,63.61,1858272
2025-01-27,64.23,3000292
2025-01-28,64.58,2440646
2025-01-29,64.67,2128766
2025-01-30,65.66,2838071
2025-01-31,65.72,2930668
2025-02-03,64.32,4014970
2025-02-04,67.05,5238937
2025-02-05,66.4,3172600
2025-02-06,68.26,4195725
2025-02-07,69.45,4583335
2025-02-10,69.49,3623884
2025-02-11,70.13,2409379
2025-02-12,70.94,2772529
2025-02-13,70.1,3067525
2025-02-14,69.95,2784882
2025-02-17,69.83,1505907
2025-02-18,71.09,2644716
2025-02-19,70.3,2497449
2025-02-20,70.87,3309235
2025-02-21,71.12,2525080
2025-02-24,71.08,1770629
2025-02-25,72.11,2874998
2025-02-26,72.72,2369568
2025-02-27,72.61,2299727
2025-02-28,72.86,4812789
2025-03-03,74.02,3282247
2025-03-04,71.69,3943060
2025-03-05,74.66,5127533
2025-03-06,77.17,4960960
2025-03-07,76.57,3555933
2025-03-10,74.44,3997676
2025-03-11,72.96,4200358
2025-03-12,73.69,3137680
2025-03-13,73.55,2891928
2025-03-14,75.72,3843234
2025-03-17,77.91,3644074
2025-03-18,80.21,5488254
2025-03-19,80.86,3170970
2025-03-20,79.05,3094729
2025-03-21,79.72,7614235
2025-03-24,79.43,2433226
2025-03-25,81.58,3139788
2025-03-26,80.4,2745755
2025-03-27,79.67,2585313
2025-03-28,78.55,3530438
2025-03-31,76.91,4346990
2025-04-01,78.49,3214861
2025-04-02,77.75,3709465
2025-04-03,73.7,5866719
2025-04-04,68.67,10424230
2025-04-07,66.1,10054530
2025-04-08,66.19,5756388
2025-04-09,63.78,6059025
2025-04-10,67.23,7709559
2025-04-11,65.61,5435045
2025-04-14,68.5,4086459
2025-04-15,70.58,3565333
2025-04-16,71.58,3171170
2025-04-17,70.74,2922984
2025-04-22,71.62,2644851
2025-04-23,73.82,4756299
2025-04-24,72.23,3705193
2025-04-25,72.81,2764070
2025-04-28,74.1,2642379
2025-04-29,74.8,2497609
2025-04-30,74.29,4196187
2025-05-02,76.36,3468875
2025-05-05,76.36,1620728
2025-05-06,76.0,2001007
2025-05-07,76.02,2265470
2025-05-08,77.0,2070844
2025-05-09,77.5,2295628
2025-05-12,79.05,3834741
2025-05-13,79.08,2186571
2025-05-14,79.92,2561125
2025-05-15,79.6,2256067
2025-05-16,79.39,3672767
2025-05-19,77.15,5096061
2025-05-20,77.64,2975979
2025-05-21,77.94,2780363
2025-05-22,77.5,3162888
2025-05-23,75.84,4076993
2025-05-26,77.22,2931682
2025-05-27,77.42,2167272
2025-05-28,76.58,3133556
2025-05-29,76.83,1870054
2025-05-30,77.14,4022585
2025-06-02,76.71,2724245
2025-06-03,77.22,2766585
2025-06-04,76.64,3045846
2025-06-05,77.5,2986549
2025-06-06,78.14,2413794
2025-06-09,78.49,2143681
2025-06-10,76.29,2760639
2025-06-11,76.22,2853957
2025-06-12,76.48,2283451
2025-06-13,75.28,3175580
2025-06-16,77.5,2674401
2025-06-17,75.97,2378298
2025-06-18,76.57,1998538
2025-06-19,74.64,2486125
2025-06-20,74.3,6445923
2025-06-23,73.08,2307376
2025-06-24,75.38,2810546
2025-06-25,75.21,1893621
2025-06-26,75.27,2188805
2025-06-27,76.9,2723252
2025-06-30,76.32,2989700
2025-07-01,75.2,1980122
2025-07-02,76.63,1874526
2025-07-03,76.58,1355567
2025-07-04,74.88,1917871
2025-07-07,75.94,1672266
2025-07-08,76.41,2042039
2025-07-09,78.87,2796494
2025-07-10,77.91,1650212
2025-07-11,76.6,2517311
2025-07-14,76.68,1152671
2025-07-15,76.23,1385854
2025-07-16,76.08,1859385
2025-07-17,77.15,1945017
2025-07-18,77.84,2275262
2025-07-21,77.74,2046652
2025-07-22,77.08,1872782
2025-07-23,78.48,2504092
2025-07-24,78.79,3344023
2025-07-25,78.87,1786751
2025-07-28,77.38,2408876
2025-07-29,78.48,2005100
2025-07-30,79.07,1846735
2025-07-31,80.06,3766634
2025-08-01,76.53,4220952
2025-08-04,78.5,2302451
2025-08-05,78.38,1604332
2025-08-06,79.3,1703408
2025-08-07,79.5,2244475
2025-08-08,81.5,2361635
2025-08-11,81.55,1897384
2025-08-12,81.75,1564728
2025-08-13,82.94,2356352
2025-08-14,83.94,1807921
2025-08-15,83.7,1635719
2025-08-18,82.29,1581378
2025-08-19,82.86,1300079
2025-08-20,83.31,1211752
2025-08-21,82.72,1265804
2025-08-22,83.38,1233531
2025-08-25,80.43,2581332
2025-08-26,77.03,7613260
2025-08-27,76.53,2336368
2025-08-28,76.9,1862419
2025-08-29,76.83,2247764
2025-09-01,77.05,1059034
2025-09-02,75.94,2582440
2025-09-03,76.19,2341664
2025-09-04,77.56,2919021
2025-09-05,76.52,1909320
2025-09-08,76.7,1766240
2025-09-09,77.87,1938234
2025-09-10,78.16,1840483
2025-09-11,79.41,2343944
2025-09-12,79.3,1409867
2025-09-15,80.33,1719663
2025-09-16,79.17,2393805
2025-09-17,77.67,2515175
2025-09-18,78.39,1948956
2025-09-19,79.6,3492262
2025-09-22,78.68,1604751
2025-09-23,78.93,1741098
2025-09-24,78.22,2068144
2025-09-25,78.43,1829519
2025-09-26,77.54,2121040
2025-09-29,77.45,1784329
2025-09-30,77.33,1999582
2025-10-01,78.34,2153316
2025-10-02,77.53,1954767
2025-10-03,78.0,1792351
2025-10-06,75.5,3901585
2025-10-07,74.63,2571730
2025-10-08,75.2,2875560
2025-10-09,75.54,1638496
2025-10-10,75.5,2481923
2025-10-13,75.44,1638579
2025-10-14,75.75,2825363
2025-10-15,76.83,2720061
2025-10-16,77.98,2101921
2025-10-17,74.89,3930791
2025-10-20,69.1,13072970
2025-10-21,67.93,8255408
2025-10-22,68.37,4939853
2025-10-23,68.72,2585062
2025-10-24,68.48,3571036
2025-10-27,69.19,3334281
2025-10-28,66.74,5873124
2025-10-29,66.94,3258597
2025-10-30,66.47,3524572
2025-10-31,67.06,2472901
2025-11-03,66.0,3618749
2025-11-04,66.0,2903321
2025-11-05,65.98,1892765
2025-11-06,65.34,3823499
2025-11-07,65.49,1814972
2025-11-10,67.0,2722131
2025-11-11,67.55,1931233
2025-11-12,69.29,3265461
2025-11-13,69.59,2319791
2025-11-14,68.83,2190683
2025-11-17,68.3,2167821
2025-11-18,66.69,3245412
2025-11-19,67.07,2342031
2025-11-20,70.02,5282670
2025-11-21,70.47,3303109
2025-11-24,70.42,3883575
2025-11-25,71.77,3335567
2025-11-26,72.34,2653974
2025-11-27,73.39,2130568
2025-11-28,73.69,2643969
2025-12-01,73.44,2626864
2025-12-02,75.08,3159346
2025-12-03,74.25,2835770
2025-12-04,75.69,3038154
2025-12-05,75.39,2167322
2025-12-08,76.42,2442558
2025-12-09,77.54,3069994
2025-12-10,77.01,2511250
2025-12-11,78.67,3579181
2025-12-12,78.09,2804777
2025-12-15,79.08,2338526
2025-12-16,78.86,2830574
2025-12-17,80.08,2628188
2025-12-18,80.24,3186321
2025-12-19,80.6,6202498
2025-12-22,80.25,1314995
2025-12-23,80.61,1609457
2025-12-24,80.52,308092
2025-12-29,80.22,1514671
2025-12-30,81.1,1464283
2025-12-31,80.79,544818
2026-01-02,81.92,1682436
2026-01-05,81.87,1649193
2026-01-06,80.57,2245560
2026-01-07,79.7,2025327
2026-01-08,82.5,2827587
2026-01-09,87.2,7020926
2026-01-12,86.98,2824644
2026-01-13,86.9,2020882
2026-01-14,87.0,2111508
2026-01-15,87.38,1876145
2026-01-16,87.21,2694899
2026-01-19,86.85,2089247
2026-01-20,86.42,2450661
2026-01-21,85.76,2233765
2026-01-22,88.35,2575597
2026-01-23,88.14,1940045
2026-01-26,88.54,1679082
2026-01-27,90.15,2415190
2026-01-28,90.39,2398166
2026-01-29,90.04,2573739
2026-01-30,91.2,2624728
2026-02-02,92.38,1862043
2026-02-03,91.92,2307349
2026-02-04,90.93,2873951
2026-02-05,91.98,4560294
2026-02-06,93.18,2447477
2026-02-09,94.39,2006427
2026-02-10,93.03,2012757
2026-02-11,92.7,2538430
2026-02-12,91.59,2447724
2026-02-13,89.4,3943675
2026-02-16,90.84,1460565
2026-02-17,92.37,1590536
2026-02-18,94.25,2556405
2026-02-19,93.84,2232573
2026-02-20,94.73,2157949
2026-02-23,95.85,2242271
2026-02-24,94.48,1950423
2026-02-25,96.37,1952079
2026-02-26,96.3,1208191
2026-02-27,95.5,3425048
2026-03-02,92.08,3460803
2026-03-03,88.31,4597542
2026-03-04,89.32,2625956
2026-03-05,87.03,2958630
2026-03-06,86.35,3507910
2026-03-09,85.33,2692768
2026-03-10,88.37,3027246
2026-03-11,89.44,2734235
2026-03-12,85.8,3478616
2026-03-13,84.89,2138566
2026-03-16,84.88,1723945
2026-03-17,85.88,1744723
2026-03-18,87.3,2956270
2026-03-19,84.49,3824718
2026-03-20,82.13,7305963
2026-03-23,83.35,4136952
2026-03-24,82.94,2416224
2026-03-25,84.31,2168828
2026-03-26,81.87,2915470
2026-03-27,81.08,2624624
2026-03-30,80.92,3693081
2026-03-31,80.99,3373104
2026-04-01,85.38,2811388
2026-04-02,83.3,2771109
2026-04-07,83.72,2186641
2026-04-08,89.98,5316923
2026-04-09,89.49,2234384
2026-04-10,90.33,2313266
2026-04-13,89.77,1593854
2026-04-14,91.11,1886678
2026-04-15,91.37,1649794
2026-04-16,90.44,1730900
2026-04-17,94.28,3025852
2026-04-20,92.6,1848965
2026-04-21,92.14,1496582
2026-04-22,90.74,1676547
2026-04-23,90.31,1791662
2026-04-24,89.01,2024791
2026-04-27,90.16,1407053
2026-04-28,91.52,2464168
2026-04-29,90.51,1684163
2026-04-30,89.23,3840702
2026-05-04,87.45,2256287
2026-05-05,88.78,1550414
2026-05-06,93.41,3070460
2026-05-07,93.24,1645634
2026-05-08,91.55,2024621
2026-05-11,92.96,1735444
2026-05-12,90.41,2115033
2026-05-13,91.41,1670163
2026-05-14,92.03,1002626
2026-05-15,89.25,2832419
2026-05-18,88.02,2642052
2026-05-19,87.5,1708152
2026-05-20,89.28,2968087
2026-05-21,89.16,2014605
2026-05-22,89.93,1705465
2026-05-25,92.52,1493003
2026-05-26,92.2,1297215
2026-05-27,92.3,1523124
2026-05-28,91.76,1691191
2026-05-29,92.95,4405488
2026-06-01,92.58,2189636
2026-06-02,94.43,1967601
2026-06-03,93.2,2146787
2026-06-04,93.97,1571405
2026-06-05,93.65,1507610
2026-06-08,93.15,1599836
2026-06-09,93.39,1690094
2026-06-10,91.96,1592779
2026-06-11,91.94,1677173
2026-06-12,96.69,3251218
2026-06-15,98.65,2004031
2026-06-16,99.96,2088137
2026-06-17,101.2,2486758
2026-06-18,101.1,2664871
2026-06-19,101.58,5148719
2026-06-22,101.84,1779506
2026-06-23,101.44,1745498
2026-06-24,101.46,1940251
2026-06-25,103.0,1958970
2026-06-26,101.12,1665730
2026-06-29,100.36,1545329
2026-06-30,102.14,1867028
2026-07-01,101.16,1416004
2026-07-02,102.32,1579355
2026-07-03,102.68,1138235
2026-07-06,103.6,1114022
2026-07-07,101.78,1844067
2026-07-08,98.27,2559855
2026-07-09,99.82,2200337
2026-07-10,100.7,1237889
2026-07-13,100.92,1010382
2026-07-14,102.32,1204889
2026-07-15,102.64,1469428
2026-07-16,102.94,1456779
2026-07-17,101.94,1604730
2026-07-20,103.3,1499606
2026-07-21,105.16,2140512
2026-07-22,106.78,2852331
2026-07-23,103.76,2738053
2026-07-24,105.92,1571440
2026-07-27,107.58,2027234
2026-07-28,108.2,1604768
2026-07-29,106.92,1482458
2026-07-30,108.84,1819924
2026-07-31,109.66,2084710
2026-08-03,111.78,1726832
2026-08-04,111.88,1364483
2026-08-05,112.12,1306312
2026-08-06,112.6,1577731
2026-08-07,112.44,1324287
2026-08-10,112.8,1232554
2026-08-11,111.72,1548468
2026-08-12,112.0,1278669
2026-08-13,112.4,1275412
2026-08-14,112.1,893373
2026-08-17,111.14,819184
2026-08-18,109.4,1535601
2026-08-19,106.78,1881786
2026-08-20,105.96,1478843
2026-08-21,107.5,1382553
2026-08-24,106.8,1493718
2026-08-25,104.44,1866343
2026-08-26,105.72,1280037
2026-08-27,100.66,3464946
2026-08-28,102.56,2227916
2026-08-31,102.78,3448322
2026-09-01,102.6,2120583
2026-09-02,103.1,1657634
2026-09-03,104.14,1271865
2026-09-04,104.54,1547481
2026-09-07,104.54,1095298
2026-09-08,103.88,1179960
2026-09-09,102.76,2433818
2026-09-10,102.64,1596559
2026-09-11,103.76,1353242
2026-09-14,102.8,1521111
2026-09-15,101.3,1897376
2026-09-16,102.32,1677359
2026-09-17,103.78,2240945
2026-09-18,100.74,5485737
2026-09-21,101.1,1818247
2026-09-22,101.3,1736220
2026-09-23,100.2,1925555
2026-09-24,98.43,3489947
