date,isin,bid_price,mid_price,ask_price,mid_yield,mid_spread_bp,benchmark_yield
2025-12-09,US05602XQR25,109.7310,,,,,
2025-12-10,US05602XQR25,99.8260,99.9010,99.9760,6.8790,273.8550,4.1404
2025-12-11,US05602XQR25,100.1250,100.2000,100.2750,6.8280,268.6310,4.1417
2025-12-12,US05602XQR25,100.0500,100.1250,100.2000,6.8520,266.2280,4.1897
2025-12-15,US05602XQR25,100.0000,100.0750,100.1500,6.8610,268.0960,4.1800
2025-12-16,US05602XQR25,100.0000,100.0750,100.1500,6.8610,271.3660,4.1473
2025-12-17,US05602XQR25,99.9000,99.9750,100.0500,6.8790,273.1010,4.1480
2025-12-18,US05602XQR25,99.9000,99.9750,100.0500,6.8790,276.4170,4.1148
2025-12-19,US05602XQR25,100.0500,100.1250,100.2000,6.8520,270.1000,4.1510
2025-12-22,US05602XQR25,100.1250,100.2000,100.2750,6.8380,267.2690,4.1653
2025-12-23,US05602XQR25,100.1250,100.2000,100.2750,6.8380,266.8950,4.1691
2025-12-24,US05602XQR25,100.1250,100.2000,100.2750,6.8380,267.7560,4.1604
2025-12-25,US05602XQR25,100.1250,100.2000,100.2750,6.8380,267.7560,4.1604
2025-12-26,US05602XQR25,100.1250,100.2000,100.2750,6.8380,270.7580,4.1304
2025-12-29,US05602XQR25,100.1250,100.2000,100.2750,6.8380,272.8690,4.1093
2025-12-30,US05602XQR25,100.1250,100.2000,100.2750,6.8380,271.1510,4.1265
2025-12-31,US05602XQR25,100.1570,100.2320,100.3070,6.8320,266.3580,4.1684
2026-01-01,US05602XQR25,100.1570,100.2320,100.3070,6.8320,310.4230,3.7278
2026-01-02,US05602XQR25,100.0800,100.1550,100.2300,6.8460,310.3440,3.7426
2026-01-05,US05602XQR25,100.0800,100.1550,100.2300,6.8450,314.0050,3.7049
2026-01-06,US05602XQR25,100.1250,100.2000,100.2750,6.8370,312.9970,3.7070
2026-01-07,US05602XQR25,100.1250,100.2000,100.2750,6.8370,313.9560,3.6974
2026-01-08,US05602XQR25,100.1250,100.2000,100.2750,6.8370,309.5670,3.7413
2026-01-09,US05602XQR25,100.5870,100.6400,100.6920,6.7560,300.7240,3.7488
2026-01-12,US05602XQR25,100.5820,100.6480,100.7140,6.7550,299.0390,3.7646
2026-01-13,US05602XQR25,100.4390,100.4790,100.5190,6.7860,304.1200,3.7448
2026-01-14,US05602XQR25,100.3510,100.3910,100.4310,6.8020,307.5730,3.7263
2026-01-15,US05602XQR25,100.4530,100.4960,100.5390,6.7830,301.1860,3.7711
2026-01-16,US05602XQR25,100.6400,100.6920,100.7430,6.7460,292.2340,3.8237
2026-01-19,US05602XQR25,99.7130,99.8030,99.8920,6.9100,310.9040,3.8010
2026-01-20,US05602XQR25,99.8330,99.8930,99.9540,6.8930,303.7260,3.8557
2026-01-21,US05602XQR25,100.0100,100.0660,100.1210,6.8610,303.1270,3.8297
2026-01-22,US05602XQR25,100.4600,100.5310,100.6010,6.7760,292.7140,3.8489
2026-01-23,US05602XQR25,100.4470,100.5000,100.5520,6.7810,294.8760,3.8322
2026-01-26,US05602XQR25,100.5680,100.6120,100.6560,6.7600,293.8550,3.8214
2026-01-27,US05602XQR25,100.8100,100.8560,100.9020,6.7160,289.0960,3.8250
2026-01-28,US05602XQR25,100.6610,100.7050,100.7490,6.7430,290.7500,3.8355
2026-01-29,US05602XQR25,100.3700,100.4340,100.4980,6.7930,298.2370,3.8106
2026-01-30,US05602XQR25,100.4530,100.5030,100.5530,6.7800,298.5220,3.7948
2026-02-02,US05602XQR25,100.5500,100.5920,100.6350,6.7640,292.8260,3.8357
2026-02-03,US05602XQR25,100.6120,100.6780,100.7440,6.7480,291.5900,3.8321
2026-02-04,US05602XQR25,100.5610,100.6160,100.6710,6.7590,292.7250,3.8317
2026-02-05,US05602XQR25,100.4060,100.4480,100.4900,6.7900,305.5690,3.7343
2026-02-06,US05602XQR25,100.6570,100.6990,100.7410,6.7440,298.9300,3.7547
2026-02-09,US05602XQR25,100.7830,100.8290,100.8740,6.7200,297.6940,3.7431
2026-02-10,US05602XQR25,100.7980,100.8370,100.8770,6.7180,302.2480,3.6955
2026-02-11,US05602XQR25,100.5330,100.5790,100.6240,6.7660,302.2660,3.7433
2026-02-12,US05602XQR25,100.6190,100.6770,100.7350,6.7480,308.6220,3.6618
2026-02-13,US05602XQR25,100.6620,100.7230,100.7850,6.7390,313.2270,3.6067
2026-02-16,US05602XQR25,100.9140,100.9860,101.0590,6.6900,308.0640,3.6094
2026-02-17,US05602XQR25,100.9080,100.9620,101.0160,6.6950,307.4560,3.6204
2026-02-18,US05602XQR25,101.2800,101.3400,101.4010,6.6250,297.1740,3.6533
2026-02-19,US05602XQR25,101.3350,101.4140,101.4920,6.6120,296.6180,3.6458
2026-02-20,US05602XQR25,101.3200,101.3800,101.4400,6.6180,297.1760,3.6462
2026-02-23,US05602XQR25,101.3440,101.4060,101.4680,6.6130,303.1460,3.5815
2026-02-24,US05602XQR25,101.1400,101.2070,101.2740,6.6490,305.1090,3.5979
2026-02-25,US05602XQR25,101.0790,101.1430,101.2060,6.6610,304.3510,3.6175
2026-02-26,US05602XQR25,100.9870,101.0440,101.1000,6.6790,310.3160,3.5758
2026-02-27,US05602XQR25,100.3890,100.5150,100.6410,6.7760,325.7290,3.5187
2026-03-02,US05602XQR25,99.8070,99.9050,100.0030,6.8900,327.2910,3.6171
2026-03-03,US05602XQR25,98.5250,98.6110,98.6970,7.1340,349.7900,3.6361
2026-03-04,US05602XQR25,99.4730,99.5470,99.6210,6.9570,328.3600,3.6734
2026-03-05,US05602XQR25,99.0850,99.1790,99.2730,7.0270,330.5250,3.7218
2026-03-06,US05602XQR25,98.4050,98.4750,98.5460,7.1600,343.2600,3.7274
2026-03-09,US05602XQR25,98.2800,98.3580,98.4360,7.1830,349.0110,3.6929
2026-03-10,US05602XQR25,99.2940,99.4220,99.5500,6.9810,324.4020,3.7370
2026-03-11,US05602XQR25,98.5320,98.6830,98.8340,7.1210,332.9400,3.7916
2026-03-12,US05602XQR25,97.8980,98.0040,98.1110,7.2510,338.6540,3.8645
2026-03-13,US05602XQR25,97.4550,97.5760,97.6970,7.3340,346.3970,3.8700
2026-03-16,US05602XQR25,97.8310,97.9690,98.1070,7.2580,345.2760,3.8052
2026-03-17,US05602XQR25,98.4020,98.4950,98.5890,7.1570,337.0860,3.7861
2026-03-18,US05602XQR25,98.1690,98.2560,98.3420,7.2030,333.0270,3.8727
2026-03-19,US05602XQR25,97.4870,97.6200,97.7530,7.3260,344.2150,3.8838
2026-03-20,US05602XQR25,96.9880,97.1220,97.2570,7.4230,341.6080,4.0069
2026-03-23,US05602XQR25,97.2400,97.3650,97.4900,7.3760,341.7930,3.9581
2026-03-24,US05602XQR25,97.0440,97.1510,97.2590,7.4180,339.5900,4.0221
2026-03-25,US05602XQR25,97.7670,97.8820,97.9970,7.2760,330.6710,3.9693
2026-03-26,US05602XQR25,96.7260,96.8330,96.9410,7.4800,339.1630,4.0884
2026-03-27,US05602XQR25,96.0520,96.1590,96.2660,7.6140,355.6490,4.0575
2026-03-30,US05602XQR25,95.6800,95.7890,95.8980,7.6870,371.2170,3.9748
2026-03-31,US05602XQR25,96.9150,97.0140,97.1130,7.4460,350.6770,3.9392
2026-04-01,US05602XQR25,97.5250,97.6500,97.7750,7.3220,336.9000,3.9530
2026-04-02,US05602XQR25,97.7190,97.8250,97.9310,7.2890,334.5480,3.9435
2026-04-03,US05602XQR25,97.6050,97.7760,97.9480,7.2980,342.2920,3.8751
2026-04-06,US05602XQR25,97.7600,97.8690,97.9780,7.2800,329.8220,3.9818
2026-04-07,US05602XQR25,97.7530,97.8390,97.9260,7.2860,334.5600,3.9404
2026-04-08,US05602XQR25,99.5350,99.6610,99.7860,6.9370,302.2320,3.9147
2026-04-09,US05602XQR25,98.7500,98.8750,99.0000,7.0870,317.7710,3.9093
2026-04-10,US05602XQR25,99.4560,99.5360,99.6160,6.9610,302.5220,3.9358
2026-04-13,US05602XQR25,99.3170,99.3920,99.4670,6.9880,308.2390,3.9056
2026-04-14,US05602XQR25,99.6000,99.6660,99.7320,6.9360,307.0500,3.8655
2026-04-15,US05602XQR25,99.4280,99.5140,99.6000,6.9650,307.2360,3.8926
2026-04-16,US05602XQR25,99.4400,99.5370,99.6340,6.9610,305.0960,3.9100
2026-04-17,US05602XQR25,100.0620,100.1470,100.2330,6.8450,300.2730,3.8423
2026-04-20,US05602XQR25,99.9730,100.0380,100.1040,6.8650,300.8500,3.8565
2026-04-21,US05602XQR25,99.6080,99.6690,99.7290,6.9360,301.0130,3.9259
2026-04-22,US05602XQR25,99.6870,99.7590,99.8310,6.9190,300.0160,3.9188
2026-04-23,US05602XQR25,99.7110,99.8360,99.9610,6.9040,296.0240,3.9438
2026-04-24,US05602XQR25,99.4820,99.5360,99.5900,6.9610,304.8660,3.9123
2026-04-27,US05602XQR25,99.3480,99.4380,99.5270,6.9800,304.1060,3.9389
2026-04-28,US05602XQR25,99.1590,99.2350,99.3110,7.0190,305.0600,3.9684
2026-04-29,US05602XQR25,98.9910,99.0570,99.1230,7.0540,301.1090,4.0429
2026-04-30,US05602XQR25,99.2760,99.3560,99.4360,6.9960,297.8670,4.0173
2026-05-01,US05602XQR25,99.5900,99.6950,99.7990,6.9310,292.1000,4.0100
2026-05-04,US05602XQR25,99.4870,99.5820,99.6770,6.9530,286.8490,4.0845
2026-05-05,US05602XQR25,99.5040,99.6110,99.7180,6.9480,287.1860,4.0761
2026-05-06,US05602XQR25,100.1000,100.1830,100.2670,6.8380,283.9420,3.9986
2026-05-07,US05602XQR25,99.9150,99.9860,100.0560,6.8760,283.2210,4.0438
2026-05-08,US05602XQR25,99.9320,100.0250,100.1180,6.8680,285.4050,4.0140
2026-05-11,US05602XQR25,99.6730,99.7570,99.8410,6.9200,285.0780,4.0692
2026-05-12,US05602XQR25,99.2840,99.3690,99.4530,6.9950,287.1730,4.1233
2026-05-13,US05602XQR25,99.4350,99.5020,99.5690,6.9690,285.0800,4.1182
2026-05-14,US05602XQR25,99.5900,99.6730,99.7550,6.9360,279.1970,4.1440
2026-05-15,US05602XQR25,98.5160,98.6050,98.6940,7.1430,288.3610,4.2594
2026-05-18,US05602XQR25,98.6640,98.7400,98.8170,7.1170,285.4730,4.2623
2026-05-19,US05602XQR25,97.9670,98.0510,98.1360,7.2520,293.2070,4.3199
2026-05-20,US05602XQR25,98.6620,98.7610,98.8600,7.1130,288.4300,4.2287
2026-05-21,US05602XQR25,98.6370,98.7260,98.8160,7.1200,289.1870,4.2281
2026-05-22,US05602XQR25,99.0370,99.1280,99.2180,7.0420,278.7010,4.2550
2026-05-25,US05602XQR25,98.8580,99.0090,99.1600,7.0650,281.0370,4.2546
2026-05-26,US05602XQR25,99.4770,99.5370,99.5970,6.9630,278.0590,4.1824
2026-05-27,US05602XQR25,99.4080,99.5170,99.6250,6.9670,278.5610,4.1814
2026-05-28,US05602XQR25,99.2370,99.3060,99.3740,7.0080,285.9210,4.1488
2026-05-29,US05602XQR25,99.3490,99.4190,99.4900,6.9860,284.7340,4.1387
2026-06-01,US05602XQR25,99.0030,99.0810,99.1590,7.0520,288.0550,4.1715
2026-06-02,US05602XQR25,99.1480,99.2500,99.3530,7.0190,284.3600,4.1754
2026-06-03,US05602XQR25,99.0200,99.0920,99.1650,7.0500,283.9540,4.2105
2026-06-04,US05602XQR25,99.1310,99.1830,99.2350,7.0330,284.4180,4.1888
2026-06-05,US05602XQR25,98.8620,98.9110,98.9600,7.0860,280.0650,4.2854
2026-06-08,US05602XQR25,98.7330,98.8270,98.9210,7.1030,280.7500,4.2955
2026-06-09,US05602XQR25,98.7900,98.8730,98.9550,7.0940,283.5400,4.2586
2026-06-10,US05602XQR25,98.5640,98.6140,98.6630,7.1450,287.5860,4.2691
2026-06-11,US05602XQR25,98.5910,98.6550,98.7190,7.1370,296.1290,4.1757
2026-06-12,US05602XQR25,98.9160,98.9890,99.0620,7.0720,286.2160,4.2098
2026-06-15,US05602XQR25,99.3560,99.4590,99.5620,6.9800,279.2580,4.1874
2026-06-16,US05602XQR25,99.2960,99.3790,99.4620,6.9950,283.6640,4.1584
2026-06-17,US05602XQR25,99.0810,99.1540,99.2270,7.0390,275.8640,4.2804
2026-06-18,US05602XQR25,98.9930,99.0950,99.1970,7.0510,282.0300,4.2307
2026-06-19,US05602XQR25,98.8690,98.9560,99.0420,7.0780,284.8380,4.2296
2026-06-22,US05602XQR25,98.8950,98.9550,99.0150,7.0780,278.9650,4.2884
2026-06-23,US05602XQR25,98.9260,99.0000,99.0740,7.0700,280.3020,4.2670
2026-06-24,US05602XQR25,99.1170,99.1770,99.2360,7.0350,285.0850,4.1842
2026-06-25,US05602XQR25,99.2680,99.3410,99.4130,7.0030,283.5120,4.1679
2026-06-26,US05602XQR25,99.2540,99.3150,99.3760,7.0080,287.7160,4.1308
2026-06-29,US05602XQR25,99.4420,99.5370,99.6310,6.9640,283.0810,4.1332
2026-06-30,US05602XQR25,99.7190,99.8000,99.8800,6.9130,270.8860,4.2041
2026-07-01,US05602XQR25,99.5080,99.5750,99.6410,6.9570,272.1770,4.2352
2026-07-02,US05602XQR25,99.6160,99.7130,99.8100,6.9300,269.5050,4.2349
2026-07-03,US05602XQR25,99.7320,99.8050,99.8770,6.9120,268.1360,4.2306
2026-07-06,US05602XQR25,99.8350,99.9350,100.0340,6.8870,268.7120,4.1999
2026-07-07,US05602XQR25,99.6380,99.7190,99.7990,6.9290,265.2840,4.2762
2026-07-08,US05602XQR25,99.0270,99.1530,99.2790,7.0400,272.6810,4.3132
2026-07-09,US05602XQR25,99.1880,99.2860,99.3840,7.0130,273.3520,4.2795
2026-07-10,US05602XQR25,99.1340,99.2450,99.3550,7.0220,271.8460,4.3035
2026-07-13,US05602XQR25,98.9230,99.0420,99.1610,7.0620,269.3560,4.3684
2026-07-14,US05602XQR25,98.8820,98.9830,99.0850,7.0730,276.1130,4.3119
2026-07-15,US05602XQR25,99.1250,99.2090,99.2920,7.0290,276.0730,4.2683
2026-07-16,US05602XQR25,99.0890,99.1840,99.2790,7.0340,275.4930,4.2791
2026-07-17,US05602XQR25,99.0150,99.1310,99.2470,7.0440,276.6140,4.2779
2026-07-20,US05602XQR25,99.0530,99.1390,99.2250,7.0430,272.1350,4.3216
2026-07-21,US05602XQR25,98.9980,99.0900,99.1820,7.0520,267.9660,4.3723
2026-07-22,US05602XQR25,98.7130,98.8070,98.9000,7.1090,269.6950,4.4121
2026-07-23,US05602XQR25,98.0880,98.2040,98.3190,7.2290,277.4380,4.4546
2026-07-24,US05602XQR25,98.0480,98.1540,98.2590,7.2390,281.1320,4.4277
2026-07-27,US05602XQR25,98.4460,98.5600,98.6740,7.1580,275.5370,4.4026
2026-07-28,US05602XQR25,98.5230,98.6170,98.7110,7.1470,278.9760,4.3572
2026-07-29,US05602XQR25,98.2590,98.3820,98.5060,7.1940,281.4600,4.3794
2026-07-30,US05602XQR25,98.5280,98.6160,98.7040,7.1470,277.1220,4.3758
2026-07-31,US05602XQR25,98.8340,98.9300,99.0260,7.0840,265.5640,4.4284
2026-08-03,US05602XQR25,99.3220,99.4250,99.5290,6.9860,258.7940,4.3981
2026-08-04,US05602XQR25,99.7960,99.8730,99.9500,6.8980,256.6110,4.3319
2026-08-05,US05602XQR25,99.9120,100.0070,100.1010,6.8710,254.4020,4.3270
2026-08-06,US05602XQR25,99.9060,100.0170,100.1280,6.8690,248.2440,4.3866
2026-08-07,US05602XQR25,99.7870,99.8820,99.9760,6.8960,254.7810,4.3482
2026-08-10,US05602XQR25,99.4110,99.5240,99.6380,6.9670,255.6520,4.4105
2026-08-11,US05602XQR25,99.2760,99.3580,99.4400,7.0000,260.6070,4.3939
2026-08-12,US05602XQR25,99.1960,99.2850,99.3740,7.0140,263.8010,4.3760
2026-08-13,US05602XQR25,99.4360,99.5270,99.6170,6.9660,264.7810,4.3182
2026-08-14,US05602XQR25,99.2370,99.3440,99.4510,7.0020,264.1690,4.3603
2026-08-17,US05602XQR25,99.1070,99.2010,99.2940,7.0310,265.5020,4.3760
2026-08-18,US05602XQR25,98.6350,98.7350,98.8350,7.1240,275.5970,4.3680
2026-08-19,US05602XQR25,98.8320,98.9400,99.0480,7.0830,274.7350,4.3357
2026-08-20,US05602XQR25,98.6320,98.7130,98.7940,7.1290,274.5820,4.3832
2026-08-21,US05602XQR25,98.5630,98.6840,98.8040,7.1350,271.3290,4.4217
2026-08-24,US05602XQR25,98.4840,98.5650,98.6460,7.1590,275.1550,4.4074
2026-08-25,US05602XQR25,98.4750,98.5990,98.7230,7.1520,281.7590,4.3344
2026-08-26,US05602XQR25,98.4700,98.5540,98.6380,7.1610,278.7910,4.3731
2026-08-27,US05602XQR25,98.4470,98.5100,98.5730,7.1700,278.1100,4.3889
2026-08-28,US05602XQR25,98.0170,98.1220,98.2270,7.2490,265.4310,4.5947
2026-08-31,US05602XQR25,97.8660,97.9910,98.1160,7.2760,265.0620,4.6254
2026-09-01,US05602XQR25,97.3790,97.4810,97.5830,7.3800,270.9280,4.6707
2026-09-02,US05602XQR25,97.2440,97.3490,97.4540,7.4070,275.0440,4.6566
2026-09-03,US05602XQR25,97.5760,97.6660,97.7560,7.3420,270.0240,4.6418
2026-09-04,US05602XQR25,97.5440,97.6910,97.8380,7.3380,267.9730,4.6583
2026-09-07,US05602XQR25,97.6140,97.7250,97.8360,7.3310,267.3340,4.6577
2026-09-08,US05602XQR25,97.4500,97.5370,97.6240,7.3700,269.2170,4.6778
2026-09-09,US05602XQR25,97.0160,97.1070,97.1980,7.4580,273.3530,4.7245
2026-09-10,US05602XQR25,96.2800,96.4120,96.5440,7.6030,276.0540,4.8425
2026-09-11,US05602XQR25,96.4170,96.5450,96.6730,7.5760,269.5870,4.8801
2026-09-14,US05602XQR25,95.6440,95.7850,95.9270,7.7350,283.5510,4.8995
2026-09-15,US05602XQR25,95.5550,95.6870,95.8180,7.7560,283.8940,4.9171
2026-09-16,US05602XQR25,96.2080,96.3110,96.4130,7.6250,268.0890,4.9441
2026-09-17,US05602XQR25,96.4570,96.5870,96.7170,7.5680,270.5270,4.8627
2026-09-18,US05602XQR25,95.7540,95.8830,96.0120,7.7160,277.6400,4.9396
2026-09-21,US05602XQR25,95.9890,96.1820,96.3740,7.6540,276.4850,4.8891
2026-09-22,US05602XQR25,95.7100,95.8490,95.9870,7.7240,283.6500,4.8875
2026-09-23,US05602XQR25,95.0410,95.1540,95.2670,7.8710,282.4270,5.0467
2026-09-24,US05602XQR25,94.3740,94.5380,94.7010,8.0030,288.2260,5.1207
2026-09-25,US05602XQR25,94.2660,94.3940,94.5230,8.0350,297.2130,5.0629
2025-06-24,US05602XQQ42,100.1500,100.2330,100.3160,7.4110,311.8580,4.2924
2025-06-25,US05602XQQ42,100.0750,100.1380,100.2000,7.4270,314.2750,4.2843
2025-06-26,US05602XQQ42,100.1910,100.2540,100.3160,7.4140,317.0580,4.2434
2025-06-27,US05602XQQ42,100.3330,100.3870,100.4410,7.3940,311.2620,4.2814
2025-06-30,US05602XQQ42,100.6000,100.7250,100.8500,7.3460,311.7600,4.2284
2025-07-01,US05602XQQ42,100.9310,100.9820,101.0320,7.3100,306.0570,4.2494
2025-07-02,US05602XQQ42,100.7500,100.8130,100.8750,7.3330,304.8790,4.2842
2025-07-03,US05602XQQ42,101.1510,101.2140,101.2760,7.2760,293.5630,4.3404
2025-07-04,US05602XQQ42,101.0160,101.0760,101.1360,7.2960,295.5360,4.3406
2025-07-07,US05602XQQ42,100.9850,101.0370,101.0880,7.3010,291.6530,4.3845
2025-07-08,US05602XQQ42,100.8160,100.8640,100.9120,7.3260,291.8910,4.4071
2025-07-09,US05602XQQ42,100.8180,100.8650,100.9120,7.3260,298.6040,4.3400
2025-07-10,US05602XQQ42,101.0000,101.0630,101.1250,7.2970,295.2760,4.3442
2025-07-11,US05602XQQ42,100.6750,100.8000,100.9250,7.3350,291.6700,4.4183
2025-07-14,US05602XQQ42,100.7290,100.7920,100.8540,7.3360,290.8920,4.4271
2025-07-15,US05602XQQ42,100.2500,100.3130,100.3750,7.4040,292.1370,4.4826
2025-07-16,US05602XQQ42,100.2500,100.3130,100.3750,7.4040,295.4100,4.4499
2025-07-17,US05602XQQ42,99.8750,100.0000,100.1250,7.4490,299.2670,4.4563
2025-07-18,US05602XQQ42,100.2650,100.3360,100.4080,7.4000,297.4320,4.4257
2025-07-21,US05602XQQ42,100.5410,100.6340,100.7260,7.3580,297.7730,4.3803
2025-07-22,US05602XQQ42,100.5000,100.5630,100.6250,7.3680,302.4490,4.3435
2025-07-23,US05602XQQ42,101.0000,101.0630,101.1250,7.2960,290.7460,4.3885
2025-07-24,US05602XQQ42,101.3210,101.4170,101.5130,7.2460,283.5810,4.4102
2025-07-25,US05602XQQ42,101.2500,101.3130,101.3750,7.2610,287.7760,4.3832
2025-07-28,US05602XQQ42,101.6140,101.6960,101.7790,7.2060,279.4610,4.4114
2025-07-29,US05602XQQ42,101.7040,101.7520,101.8000,7.1980,287.5900,4.3221
2025-07-30,US05602XQQ42,101.6530,101.7160,101.7780,7.2030,283.5610,4.3674
2025-07-31,US05602XQQ42,101.7500,101.8130,101.8750,7.1900,283.1140,4.3589
2025-08-01,US05602XQQ42,101.5940,101.6840,101.7730,7.2080,299.4690,4.2133
2025-08-04,US05602XQQ42,101.6210,101.6840,101.7460,7.2080,300.9210,4.1988
2025-08-05,US05602XQQ42,101.8230,101.9010,101.9790,7.1770,297.4950,4.2020
2025-08-06,US05602XQQ42,101.8780,102.0660,102.2530,7.1530,293.2920,4.2201
2025-08-07,US05602XQQ42,102.0000,102.0630,102.1250,7.1540,292.3520,4.2305
2025-08-08,US05602XQQ42,102.2200,102.3070,102.3950,7.1190,284.9470,4.2695
2025-08-11,US05602XQQ42,102.3950,102.4580,102.5200,7.0980,282.5850,4.2721
2025-08-12,US05602XQQ42,102.8840,102.9470,103.0090,7.0290,274.2470,4.2865
2025-08-13,US05602XQQ42,102.7500,102.8130,102.8750,7.0480,281.3970,4.2340
2025-08-14,US05602XQQ42,103.0830,103.2080,103.3330,6.9930,270.5140,4.2879
2025-08-15,US05602XQQ42,103.1250,103.2500,103.3750,6.9870,266.4790,4.3222
2025-08-18,US05602XQQ42,103.1430,103.2270,103.3110,6.9900,265.2760,4.3372
2025-08-19,US05602XQQ42,103.1200,103.1970,103.2740,6.9940,269.1750,4.3022
2025-08-20,US05602XQQ42,102.9560,103.0230,103.0910,7.0180,273.1880,4.2861
2025-08-21,US05602XQQ42,102.5000,102.5630,102.6250,7.0820,275.4770,4.3272
2025-08-22,US05602XQQ42,102.3750,102.4380,102.5000,7.1000,284.1680,4.2583
2025-08-25,US05602XQQ42,102.6170,102.7110,102.8050,7.0610,278.0430,4.2806
2025-08-26,US05602XQQ42,101.6250,101.6880,101.7500,7.2050,295.1280,4.2537
2025-08-27,US05602XQQ42,101.7500,101.8130,101.8750,7.1880,295.1370,4.2366
2025-08-28,US05602XQQ42,101.8460,101.9190,101.9920,7.1720,296.8190,4.2038
2025-08-29,US05602XQQ42,102.0160,102.0830,102.1510,7.1490,292.4460,4.2245
2025-09-01,US05602XQQ42,101.9080,101.9700,102.0320,7.1650,293.7510,4.2275
2025-09-02,US05602XQQ42,101.1750,101.2380,101.3000,7.2690,300.0700,4.2683
2025-09-03,US05602XQQ42,101.2650,101.3570,101.4490,7.2520,303.0890,4.2211
2025-09-04,US05602XQQ42,101.6250,101.7500,101.8750,7.1960,303.3010,4.1630
2025-09-05,US05602XQQ42,102.0320,102.1570,102.2820,7.1380,304.9060,4.0889
2025-09-08,US05602XQQ42,102.5980,102.7230,102.8480,7.0580,301.6170,4.0418
2025-09-09,US05602XQQ42,102.6710,102.7730,102.8740,7.0510,297.2060,4.0789
2025-09-10,US05602XQQ42,103.1470,103.2440,103.3400,6.9850,294.3040,4.0420
2025-09-11,US05602XQQ42,103.4920,103.5650,103.6370,6.9400,292.1080,4.0189
2025-09-12,US05602XQQ42,105.1250,105.1880,105.2500,6.7160,265.5300,4.0607
2025-09-15,US05602XQQ42,104.0990,104.1860,104.2720,6.8530,281.4650,4.0383
2025-09-16,US05602XQQ42,104.0940,104.1800,104.2670,6.8540,282.1070,4.0329
2025-09-17,US05602XQQ42,104.8750,104.9380,105.0000,6.7500,268.3820,4.0662
2025-09-18,US05602XQQ42,105.0470,105.1720,105.2970,6.7180,260.3590,4.1144
2025-09-19,US05602XQQ42,105.3000,105.4250,105.5500,6.6820,255.7050,4.1250
2025-09-22,US05602XQQ42,104.5460,104.6270,104.7080,6.7920,264.2750,4.1493
2025-09-23,US05602XQQ42,104.6310,104.6990,104.7670,6.7820,267.3160,4.1088
2025-09-24,US05602XQQ42,104.6940,104.7600,104.8260,6.7730,262.9080,4.1439
2025-09-25,US05602XQQ42,104.3750,104.4380,104.5000,6.8170,264.6840,4.1702
2025-09-26,US05602XQQ42,104.3620,104.4540,104.5460,6.8150,263.4280,4.1807
2025-09-29,US05602XQQ42,104.5070,104.6000,104.6930,6.7950,265.2090,4.1429
2025-09-30,US05602XQQ42,104.3750,104.5000,104.6250,6.8080,266.0780,4.1472
2025-10-01,US05602XQQ42,104.5170,104.5670,104.6170,6.7990,269.3790,4.1052
2025-10-02,US05602XQQ42,105.0000,105.0630,105.1250,6.7300,264.1520,4.0885
2025-10-03,US05602XQQ42,105.0150,105.0750,105.1350,6.7280,260.6300,4.1217
2025-10-06,US05602XQQ42,104.3530,104.4300,104.5070,6.8170,265.1810,4.1652
2025-10-07,US05602XQQ42,104.3610,104.4130,104.4660,6.8190,268.9180,4.1298
2025-10-08,US05602XQQ42,104.5030,104.5540,104.6050,6.8000,266.7940,4.1321
2025-10-09,US05602XQQ42,104.3810,104.4430,104.5050,6.8150,267.2690,4.1423
2025-10-10,US05602XQQ42,103.8910,103.9980,104.1060,6.8760,282.1080,4.0549
2025-10-13,US05602XQQ42,103.5930,103.7310,103.8700,6.9140,287.0160,4.0438
2025-10-14,US05602XQQ42,103.9070,104.0330,104.1580,6.8710,285.1540,4.0195
2025-10-15,US05602XQQ42,105.0000,105.0960,105.1930,6.7240,268.8590,4.0354
2025-10-16,US05602XQQ42,105.0620,105.1690,105.2760,6.7140,274.0370,3.9736
2025-10-17,US05602XQQ42,104.7270,104.8750,105.0230,6.7540,275.3910,4.0001
2025-10-20,US05602XQQ42,104.6150,104.7040,104.7930,6.7780,279.4730,3.9833
2025-10-21,US05602XQQ42,104.5280,104.6690,104.8100,6.7820,282.4550,3.9575
2025-10-22,US05602XQQ42,104.1360,104.2440,104.3520,6.8410,288.7500,3.9535
2025-10-23,US05602XQQ42,103.9940,104.1290,104.2640,6.8570,285.6320,4.0007
2025-10-24,US05602XQQ42,104.2610,104.3400,104.4200,6.8270,283.2860,3.9941
2025-10-27,US05602XQQ42,104.3930,104.5420,104.6920,6.7990,280.8810,3.9902
2025-10-28,US05602XQQ42,104.1930,104.3400,104.4880,6.8270,284.9020,3.9780
2025-10-29,US05602XQQ42,104.1850,104.3900,104.5950,6.8200,275.2120,4.0679
2025-10-30,US05602XQQ42,103.9000,103.9900,104.0800,6.8760,278.6320,4.0897
2025-10-31,US05602XQQ42,103.8370,103.9510,104.0640,6.8810,278.6760,4.0942
2025-11-03,US05602XQQ42,103.5660,103.6760,103.7870,6.9190,281.7940,4.1011
2025-11-04,US05602XQQ42,103.1690,103.2730,103.3770,6.9760,289.1320,4.0847
2025-11-05,US05602XQQ42,103.1810,103.2880,103.3960,6.9740,281.6570,4.1574
2025-11-06,US05602XQQ42,102.6570,102.7650,102.8720,7.0480,296.0260,4.0877
2025-11-07,US05602XQQ42,102.1840,102.3090,102.4350,7.1130,302.1720,4.0913
2025-11-10,US05602XQQ42,102.5520,102.6720,102.7910,7.0610,295.0190,4.1108
2025-11-11,US05602XQQ42,102.5570,102.6750,102.7940,7.0610,294.2720,4.1183
2025-11-12,US05602XQQ42,102.8520,102.9630,103.0740,7.0200,295.4190,4.0658
2025-11-13,US05602XQQ42,102.6330,102.7490,102.8650,7.0500,294.8570,4.1014
2025-11-14,US05602XQQ42,102.3390,102.4500,102.5610,7.0920,295.9200,4.1328
2025-11-17,US05602XQQ42,102.4230,102.5170,102.6100,7.0830,294.7980,4.1350
2025-11-18,US05602XQQ42,102.0230,102.1230,102.2220,7.1390,302.0660,4.1183
2025-11-19,US05602XQQ42,102.2900,102.3960,102.5030,7.1000,297.2200,4.1278
2025-11-20,US05602XQQ42,102.6610,102.8060,102.9500,7.0410,294.7690,4.0933
2025-11-21,US05602XQQ42,102.4200,102.5610,102.7020,7.0760,301.3270,4.0627
2025-11-24,US05602XQQ42,102.8870,102.9880,103.0880,7.0150,297.7470,4.0375
2025-11-25,US05602XQQ42,103.2950,103.4030,103.5100,6.9560,295.2740,4.0033
2025-11-26,US05602XQQ42,103.8320,103.9180,104.0050,6.8830,289.2090,3.9909
2025-11-27,US05602XQQ42,103.9660,104.0730,104.1790,6.8620,286.7510,3.9945
2025-11-28,US05602XQQ42,104.1250,104.2430,104.3610,6.8380,282.2450,4.0156
2025-12-01,US05602XQQ42,103.8910,104.0170,104.1430,6.8690,277.4400,4.0946
2025-12-02,US05602XQQ42,104.1720,104.2650,104.3580,6.8340,274.8290,4.0857
2025-12-03,US05602XQQ42,104.2720,104.4030,104.5330,6.8150,275.2180,4.0628
2025-12-04,US05602XQQ42,104.4310,104.5560,104.6810,6.7930,269.0360,4.1026
2025-12-05,US05602XQQ42,104.4770,104.6020,104.7260,6.7870,264.8770,4.1382
2025-12-08,US05602XQQ42,103.9710,104.0910,104.2110,6.8580,269.1260,4.1667
2025-12-09,US05602XQQ42,103.7780,103.8610,103.9440,6.8910,270.7940,4.1831
2025-12-10,US05602XQQ42,103.8490,103.9490,104.0480,6.8780,273.7380,4.1406
2025-12-11,US05602XQQ42,104.0810,104.1820,104.2830,6.8450,270.3180,4.1418
2025-12-12,US05602XQQ42,104.0240,104.1330,104.2420,6.8520,266.1920,4.1901
2025-12-15,US05602XQQ42,104.1220,104.2440,104.3670,6.8360,265.5790,4.1802
2025-12-16,US05602XQQ42,104.0400,104.1530,104.2670,6.8490,270.1300,4.1477
2025-12-17,US05602XQQ42,104.0900,104.2200,104.3500,6.8390,269.0980,4.1480
2025-12-18,US05602XQQ42,104.2100,104.3370,104.4630,6.8230,270.7730,4.1153
2025-12-19,US05602XQQ42,104.2210,104.3790,104.5360,6.8170,266.5930,4.1511
2025-12-22,US05602XQQ42,104.3000,104.4340,104.5670,6.8090,264.3560,4.1654
2025-12-23,US05602XQQ42,104.3640,104.4960,104.6280,6.8000,263.1030,4.1690
2025-12-24,US05602XQQ42,104.3680,104.4870,104.6060,6.8010,264.0580,4.1604
2025-12-25,US05602XQQ42,104.3630,104.4810,104.5990,6.8020,264.1490,4.1605
2025-12-26,US05602XQQ42,104.3360,104.4660,104.5960,6.8040,267.3610,4.1304
2025-12-29,US05602XQQ42,104.3340,104.4810,104.6280,6.8010,269.2470,4.1085
2025-12-30,US05602XQQ42,104.4500,104.5680,104.6860,6.7890,266.2950,4.1260
2025-12-31,US05602XQQ42,104.4780,104.5730,104.6690,6.7880,262.0040,4.1680
2026-01-01,US05602XQQ42,104.4580,104.5610,104.6640,6.7900,262.1740,4.1683
2026-01-02,US05602XQQ42,104.3730,104.4880,104.6020,6.8000,260.9320,4.1907
2026-01-05,US05602XQQ42,104.4710,104.5860,104.7010,6.7860,262.7370,4.1586
2026-01-06,US05602XQQ42,104.3440,104.4850,104.6270,6.8000,263.3700,4.1663
2026-01-07,US05602XQQ42,104.8300,104.9000,104.9700,6.7410,260.0620,4.1404
2026-01-08,US05602XQQ42,104.9970,105.1160,105.2340,6.7110,252.6590,4.1844
2026-01-09,US05602XQQ42,105.5690,105.6390,105.7080,6.6370,247.2040,4.1650
2026-01-12,US05602XQQ42,105.3290,105.4270,105.5260,6.6660,248.0310,4.1857
2026-01-13,US05602XQQ42,105.4730,105.5630,105.6530,6.6470,247.6170,4.1708
2026-01-14,US05602XQQ42,105.4490,105.5440,105.6400,6.6500,250.5860,4.1441
2026-01-15,US05602XQQ42,105.6400,105.7230,105.8060,6.6250,245.5750,4.1692
2026-01-16,US05602XQQ42,105.4560,105.5920,105.7280,6.6420,241.6720,4.2253
2026-01-19,US05602XQQ42,105.1030,105.2220,105.3400,6.6940,249.4040,4.2000
2026-01-20,US05602XQQ42,104.5980,104.7080,104.8180,6.7660,249.7450,4.2685
2026-01-21,US05602XQQ42,104.7750,104.8570,104.9390,6.7450,251.3120,4.2319
2026-01-22,US05602XQQ42,105.1960,105.3040,105.4120,6.6820,243.3340,4.2487
2026-01-23,US05602XQQ42,105.3840,105.5030,105.6220,6.6530,242.1880,4.2311
2026-01-26,US05602XQQ42,105.3400,105.4120,105.4830,6.6660,245.2790,4.2132
2026-01-27,US05602XQQ42,105.6220,105.7390,105.8570,6.6200,238.5960,4.2340
2026-01-28,US05602XQQ42,105.5890,105.7060,105.8230,6.6240,237.7680,4.2463
2026-01-29,US05602XQQ42,105.4440,105.5480,105.6530,6.6460,241.2810,4.2332
2026-01-30,US05602XQQ42,105.3950,105.4740,105.5540,6.6560,240.5580,4.2504
2026-02-02,US05602XQQ42,105.4690,105.5500,105.6310,6.6450,236.6300,4.2787
2026-02-03,US05602XQQ42,105.5080,105.6320,105.7560,6.6340,236.7050,4.2669
2026-02-04,US05602XQQ42,105.7310,105.8330,105.9360,6.6050,232.9280,4.2757
2026-02-05,US05602XQQ42,105.4080,105.5620,105.7170,6.6430,244.7740,4.1953
2026-02-06,US05602XQQ42,105.5590,105.6460,105.7330,6.6310,242.6820,4.2042
2026-02-09,US05602XQQ42,105.7190,105.8420,105.9660,6.6030,240.4320,4.1987
2026-02-10,US05602XQQ42,106.1500,106.2750,106.4000,6.5430,240.3310,4.1397
2026-02-11,US05602XQQ42,105.5980,105.7140,105.8300,6.6210,244.6170,4.1748
2026-02-12,US05602XQQ42,105.7200,105.8520,105.9850,6.6010,251.0720,4.0903
2026-02-13,US05602XQQ42,105.9070,106.0510,106.1950,6.5720,252.9640,4.0424
2026-02-16,US05602XQQ42,105.8750,105.9950,106.1160,6.5800,252.9090,4.0509
2026-02-17,US05602XQQ42,105.9770,106.0710,106.1660,6.5690,251.5020,4.0540
2026-02-18,US05602XQQ42,105.9790,105.9920,106.0050,6.5800,249.2960,4.0870
2026-02-19,US05602XQQ42,106.2210,106.3110,106.4000,6.5360,246.2040,4.0740
2026-02-20,US05602XQQ42,106.2030,106.3260,106.4480,6.5330,245.2320,4.0807
2026-02-23,US05602XQQ42,106.2690,106.3760,106.4830,6.5260,249.5490,4.0305
2026-02-24,US05602XQQ42,106.1340,106.2500,106.3670,6.5430,250.7620,4.0354
2026-02-25,US05602XQQ42,106.2460,106.3540,106.4610,6.5290,248.1050,4.0480
2026-02-26,US05602XQQ42,106.0500,106.1490,106.2480,6.5570,254.6070,4.0109
2026-02-27,US05602XQQ42,105.4380,105.5730,105.7080,6.6370,267.4720,3.9623
2026-03-02,US05602XQQ42,104.9520,105.0640,105.1770,6.7080,266.2640,4.0454
2026-03-03,US05602XQQ42,103.9180,104.0530,104.1880,6.8520,279.2380,4.0596
2026-03-04,US05602XQQ42,104.7510,104.8480,104.9450,6.7380,264.8620,4.0894
2026-03-05,US05602XQQ42,104.1940,104.3590,104.5250,6.8080,267.8040,4.1300
2026-03-06,US05602XQQ42,103.7620,103.9500,104.1380,6.8660,271.9800,4.1462
2026-03-09,US05602XQQ42,102.6250,102.7580,102.8910,7.0380,293.6040,4.1020
2026-03-10,US05602XQQ42,104.0000,104.1190,104.2380,6.8420,268.9420,4.1526
2026-03-11,US05602XQQ42,103.9450,104.0080,104.0700,6.8570,263.9060,4.2179
2026-03-12,US05602XQQ42,102.4320,102.6030,102.7740,7.0610,280.2360,4.2586
2026-03-13,US05602XQQ42,102.1810,102.2770,102.3730,7.1080,282.5500,4.2825
2026-03-16,US05602XQQ42,102.2800,102.4280,102.5770,7.0860,286.0730,4.2253
2026-03-17,US05602XQQ42,102.9520,103.0720,103.1920,6.9920,279.1890,4.2001
2026-03-18,US05602XQQ42,102.6850,102.7980,102.9110,7.0320,276.8520,4.2635
2026-03-19,US05602XQQ42,101.8620,102.0020,102.1410,7.1490,289.4940,4.2541
2026-03-20,US05602XQQ42,101.3540,101.4810,101.6090,7.2250,283.6540,4.3885
2026-03-23,US05602XQQ42,100.8970,100.9930,101.0880,7.2980,295.7410,4.3406
2026-03-24,US05602XQQ42,100.9730,101.0480,101.1230,7.2900,290.3080,4.3869
2026-03-25,US05602XQQ42,101.9040,102.0020,102.1000,7.1480,282.4010,4.3240
2026-03-26,US05602XQQ42,100.9040,100.9930,101.0820,7.2980,287.6100,4.4219
2026-03-27,US05602XQQ42,100.1940,100.2870,100.3800,7.4040,297.1430,4.4326
2026-03-30,US05602XQQ42,99.9260,100.0260,100.1260,7.4430,310.3610,4.3394
2026-03-31,US05602XQQ42,100.1530,100.2780,100.4030,7.4050,308.5490,4.3195
2026-04-01,US05602XQQ42,101.6660,101.7530,101.8410,7.1850,285.5560,4.3294
2026-04-02,US05602XQQ42,101.5540,101.6760,101.7990,7.1960,289.1900,4.3041
2026-04-03,US05602XQQ42,101.3880,101.5050,101.6220,7.2210,290.5200,4.3158
2026-04-06,US05602XQQ42,101.2780,101.3840,101.4910,7.2390,290.4700,4.3343
2026-04-07,US05602XQQ42,101.2160,101.2770,101.3380,7.2550,294.2640,4.3124
2026-04-08,US05602XQQ42,102.3300,102.5800,102.8300,7.0620,277.7030,4.2850
2026-04-09,US05602XQQ42,103.0910,103.2050,103.3200,6.9700,268.0530,4.2895
2026-04-10,US05602XQQ42,103.5240,103.6060,103.6870,6.9120,259.5710,4.3163
2026-04-13,US05602XQQ42,103.3310,103.4060,103.4810,6.9410,264.9290,4.2917
2026-04-14,US05602XQQ42,103.7890,103.8630,103.9380,6.8740,262.5140,4.2489
2026-04-15,US05602XQQ42,103.6190,103.6990,103.7800,6.8980,261.7610,4.2804
2026-04-16,US05602XQQ42,103.5840,103.7090,103.8340,6.8960,258.8140,4.3079
2026-04-17,US05602XQQ42,104.2420,104.3370,104.4310,6.8050,256.2820,4.2422
2026-04-20,US05602XQQ42,104.3280,104.3820,104.4360,6.7990,254.5290,4.2537
2026-04-21,US05602XQQ42,104.1290,104.1850,104.2400,6.8270,251.5000,4.3120
2026-04-22,US05602XQQ42,104.1180,104.1730,104.2270,6.8290,252.9500,4.2995
2026-04-23,US05602XQQ42,103.9600,104.0450,104.1300,6.8470,252.5060,4.3219
2026-04-24,US05602XQQ42,103.9540,104.0000,104.0460,6.8530,254.9070,4.3039
2026-04-27,US05602XQQ42,103.9040,103.9820,104.0610,6.8550,252.0460,4.3345
2026-04-28,US05602XQQ42,104.1530,104.2160,104.2780,6.8220,247.3170,4.3488
2026-04-29,US05602XQQ42,103.4810,103.5620,103.6420,6.9170,250.3670,4.4133
2026-04-30,US05602XQQ42,103.6050,103.6800,103.7550,6.8990,249.6970,4.4020
2026-05-01,US05602XQQ42,103.7910,103.8680,103.9460,6.8710,249.0440,4.3806
2026-05-04,US05602XQQ42,103.7490,103.8200,103.8910,6.8780,243.9850,4.4382
2026-05-05,US05602XQQ42,103.7140,103.7890,103.8640,6.8830,246.3350,4.4196
2026-05-06,US05602XQQ42,104.1880,104.2820,104.3760,6.8110,246.0930,4.3501
2026-05-07,US05602XQQ42,104.0490,104.1200,104.1910,6.8340,244.1190,4.3928
2026-05-08,US05602XQQ42,103.9000,103.9680,104.0350,6.8560,249.0460,4.3655
2026-05-11,US05602XQQ42,103.8600,103.9450,104.0310,6.8590,244.9750,4.4093
2026-05-12,US05602XQQ42,103.4950,103.6140,103.7320,6.9080,244.6310,4.4617
2026-05-13,US05602XQQ42,103.3980,103.4500,103.5020,6.9320,246.6700,4.4653
2026-05-14,US05602XQQ42,103.5490,103.6210,103.6940,6.9060,243.4650,4.4713
2026-05-15,US05602XQQ42,102.7560,102.8540,102.9520,7.0190,243.0310,4.5887
2026-05-18,US05602XQQ42,102.8190,102.8950,102.9710,7.0130,240.5960,4.6070
2026-05-19,US05602XQQ42,102.2710,102.3270,102.3820,7.0970,243.2440,4.6646
2026-05-20,US05602XQQ42,103.0310,103.1070,103.1840,6.9810,241.0030,4.5710
2026-05-21,US05602XQQ42,102.6820,102.7550,102.8280,7.0330,247.5460,4.5575
2026-05-22,US05602XQQ42,103.0840,103.1640,103.2450,6.9730,241.4970,4.5580
2026-05-25,US05602XQQ42,103.1290,103.2140,103.2990,6.9650,240.6280,4.5587
2026-05-26,US05602XQQ42,103.4230,103.4870,103.5510,6.9250,243.1560,4.4934
2026-05-27,US05602XQQ42,103.3850,103.4810,103.5770,6.9260,244.1380,4.4846
2026-05-28,US05602XQQ42,103.2300,103.2990,103.3680,6.9530,250.3860,4.4491
2026-05-29,US05602XQQ42,103.3980,103.4540,103.5100,6.9300,248.3760,4.4462
2026-06-01,US05602XQQ42,103.0150,103.0760,103.1380,6.9850,252.5060,4.4599
2026-06-02,US05602XQQ42,103.0490,103.1300,103.2110,6.9770,252.3680,4.4533
2026-06-03,US05602XQQ42,102.8530,102.9350,103.0160,7.0060,251.8510,4.4875
2026-06-04,US05602XQQ42,102.9040,102.9600,103.0160,7.0020,252.8530,4.4735
2026-06-05,US05602XQQ42,102.7690,102.8240,102.8790,7.0220,247.7050,4.5450
2026-06-08,US05602XQQ42,102.6330,102.7150,102.7970,7.0380,247.3230,4.5648
2026-06-09,US05602XQQ42,102.7400,102.8090,102.8780,7.0240,249.7270,4.5267
2026-06-10,US05602XQQ42,102.4520,102.5090,102.5670,7.0690,252.4890,4.5441
2026-06-11,US05602XQQ42,102.5320,102.6000,102.6690,7.0550,260.2490,4.4525
2026-06-12,US05602XQQ42,102.7280,102.7920,102.8560,7.0270,254.7450,4.4795
2026-06-15,US05602XQQ42,103.2750,103.3410,103.4060,6.9450,247.5890,4.4691
2026-06-16,US05602XQQ42,103.1350,103.1970,103.2590,6.9660,253.3600,4.4324
2026-06-17,US05602XQQ42,103.0090,103.0710,103.1320,6.9850,248.9910,4.4951
2026-06-18,US05602XQQ42,102.8590,102.9290,102.9990,7.0060,255.3320,4.4527
2026-06-19,US05602XQQ42,102.8140,102.8670,102.9190,7.0150,255.8260,4.4567
2026-06-22,US05602XQQ42,102.8540,102.9120,102.9700,7.0080,250.1080,4.5069
2026-06-23,US05602XQQ42,102.7600,102.8290,102.8980,7.0210,252.7640,4.4934
2026-06-24,US05602XQQ42,102.9460,103.0040,103.0620,6.9950,259.1280,4.4037
2026-06-25,US05602XQQ42,103.0790,103.1380,103.1970,6.9750,257.8130,4.3969
2026-06-26,US05602XQQ42,102.9800,103.0480,103.1170,6.9880,261.7290,4.3707
2026-06-29,US05602XQQ42,103.1550,103.2170,103.2800,6.9620,259.5880,4.3661
2026-06-30,US05602XQQ42,103.1340,103.2440,103.3530,6.9580,251.6350,4.4417
2026-07-01,US05602XQQ42,103.1590,103.2210,103.2840,6.9620,248.2290,4.4797
2026-07-02,US05602XQQ42,103.2850,103.3430,103.4000,6.9430,246.1730,4.4813
2026-07-03,US05602XQQ42,103.2430,103.2980,103.3520,6.9500,247.7540,4.4725
2026-07-06,US05602XQQ42,103.3950,103.4860,103.5760,6.9220,245.2160,4.4698
2026-07-07,US05602XQQ42,102.9880,103.0380,103.0880,6.9880,244.3520,4.5445
2026-07-08,US05602XQQ42,102.4140,102.5010,102.5890,7.0680,249.7610,4.5704
2026-07-09,US05602XQQ42,102.6810,102.7460,102.8120,7.0310,248.3200,4.5478
2026-07-10,US05602XQQ42,102.5980,102.6690,102.7400,7.0420,248.1000,4.5610
2026-07-13,US05602XQQ42,102.4480,102.5270,102.6060,7.0640,244.9330,4.6147
2026-07-14,US05602XQQ42,102.2560,102.3230,102.3900,7.0940,251.1930,4.5821
2026-07-15,US05602XQQ42,102.4370,102.4970,102.5580,7.0680,251.3950,4.5541
2026-07-16,US05602XQQ42,102.3000,102.3580,102.4150,7.0890,252.5440,4.5636
2026-07-17,US05602XQQ42,102.2740,102.3580,102.4420,7.0880,254.1270,4.5467
2026-07-20,US05602XQQ42,102.1880,102.2770,102.3650,7.1000,250.7370,4.5926
2026-07-21,US05602XQQ42,102.1820,102.2310,102.2800,7.1070,247.7170,4.6298
2026-07-22,US05602XQQ42,101.9590,102.0540,102.1480,7.1340,247.1580,4.6624
2026-07-23,US05602XQQ42,101.1440,101.2350,101.3250,7.2580,255.8970,4.6990
2026-07-24,US05602XQQ42,101.0200,101.0700,101.1200,7.2830,260.2950,4.6800
2026-07-27,US05602XQQ42,101.3630,101.4510,101.5390,7.2250,258.1010,4.6440
2026-07-28,US05602XQQ42,101.4600,101.4980,101.5350,7.2180,261.6210,4.6018
2026-07-29,US05602XQQ42,101.0570,101.1280,101.2000,7.2740,261.1610,4.6624
2026-07-30,US05602XQQ42,101.1480,101.2260,101.3050,7.2590,259.4010,4.6650
2026-07-31,US05602XQQ42,101.3670,101.4340,101.5020,7.2270,251.0400,4.7166
2026-08-03,US05602XQQ42,101.6310,101.7040,101.7770,7.1860,249.8900,4.6871
2026-08-04,US05602XQQ42,102.1280,102.1710,102.2150,7.1150,249.3040,4.6220
2026-08-05,US05602XQQ42,102.4060,102.4840,102.5630,7.0670,244.8990,4.6180
2026-08-06,US05602XQQ42,101.9900,102.0550,102.1200,7.1320,246.5670,4.6663
2026-08-07,US05602XQQ42,102.0240,102.1090,102.1950,7.1240,248.1890,4.6421
2026-08-10,US05602XQQ42,101.9990,102.0630,102.1260,7.1310,242.4950,4.7061
2026-08-11,US05602XQQ42,101.8720,101.9520,102.0310,7.1470,245.7370,4.6896
2026-08-12,US05602XQQ42,102.1700,102.2640,102.3580,7.1000,241.4850,4.6852
2026-08-13,US05602XQQ42,102.0980,102.1830,102.2680,7.1120,247.8250,4.6338
2026-08-14,US05602XQQ42,101.9990,102.0550,102.1110,7.1310,244.9210,4.6818
2026-08-17,US05602XQQ42,101.8780,101.9610,102.0440,7.1450,242.2780,4.7222
2026-08-18,US05602XQQ42,101.5300,101.6010,101.6720,7.2000,249.0390,4.7096
2026-08-19,US05602XQQ42,101.8080,101.8860,101.9630,7.1570,251.9350,4.6376
2026-08-20,US05602XQQ42,101.6550,101.7340,101.8130,7.1800,248.1450,4.6985
2026-08-21,US05602XQQ42,101.6050,101.6900,101.7750,7.1860,245.2420,4.7336
2026-08-24,US05602XQQ42,101.4980,101.5580,101.6180,7.2060,250.2810,4.7032
2026-08-25,US05602XQQ42,101.5000,101.5780,101.6550,7.2030,257.7230,4.6258
2026-08-26,US05602XQQ42,101.7210,101.8340,101.9460,7.1640,250.6410,4.6576
2026-08-27,US05602XQQ42,101.3890,101.4500,101.5100,7.2230,255.2120,4.6709
2026-08-28,US05602XQQ42,101.0970,101.1520,101.2070,7.2690,254.3210,4.7258
2026-08-31,US05602XQQ42,101.1110,101.1630,101.2160,7.2670,251.0630,4.7564
2026-09-01,US05602XQQ42,100.5630,100.6170,100.6700,7.3510,255.6630,4.7944
2026-09-02,US05602XQQ42,100.4010,100.4390,100.4770,7.3790,259.5030,4.7840
2026-09-03,US05602XQQ42,100.9250,100.9800,101.0350,7.2950,252.3710,4.7713
2026-09-04,US05602XQQ42,100.8520,100.9290,101.0050,7.3030,252.0830,4.7822
2026-09-07,US05602XQQ42,100.9250,100.9800,101.0350,7.2950,251.0530,4.7845
2026-09-08,US05602XQQ42,100.6280,100.6950,100.7630,7.3390,254.6280,4.7927
2026-09-09,US05602XQQ42,100.2790,100.3650,100.4520,7.3900,255.3290,4.8367
2026-09-10,US05602XQQ42,99.7300,99.8070,99.8840,7.4780,253.0930,4.9471
2026-09-11,US05602XQQ42,99.6390,99.7260,99.8130,7.4910,251.6160,4.9748
2026-09-14,US05602XQQ42,98.8030,98.8850,98.9670,7.6240,264.1560,4.9824
2026-09-15,US05602XQQ42,98.8640,98.9220,98.9800,7.6180,261.6740,5.0013
2026-09-16,US05602XQQ42,99.4610,99.5170,99.5740,7.5230,250.9960,5.0130
2026-09-17,US05602XQQ42,99.8030,99.9000,99.9970,7.4630,252.9130,4.9339
2026-09-18,US05602XQQ42,98.9290,99.0000,99.0720,7.6060,259.9970,5.0060
2026-09-21,US05602XQQ42,99.2620,99.3370,99.4130,7.5520,259.7410,4.9546
2026-09-22,US05602XQQ42,99.1540,99.2260,99.2980,7.5700,261.5850,4.9542
2026-09-23,US05602XQQ42,98.4760,98.5680,98.6590,7.6750,257.1980,5.1030
2026-09-24,US05602XQQ42,97.7520,97.8590,97.9670,7.7890,259.7280,5.1917
2026-09-25,US05602XQQ42,97.4910,97.5660,97.6410,7.8370,267.8770,5.1582
2026-04-15,US05602XQS08,100.2500,100.3410,100.4310,7.1490,286.8720,4.2803
2026-04-16,US05602XQS08,100.4000,100.4830,100.5670,7.1320,282.3350,4.3087
2026-04-17,US05602XQS08,101.0000,101.1010,101.2020,7.0440,280.2140,4.2419
2026-04-20,US05602XQS08,100.8690,101.0290,101.1890,7.0550,280.1240,4.2538
2026-04-21,US05602XQS08,100.8750,101.0290,101.1820,7.0550,274.2640,4.3124
2026-04-22,US05602XQS08,101.2180,101.3680,101.5180,7.0070,270.7910,4.2991
2026-04-23,US05602XQS08,101.2180,101.3680,101.5180,7.0070,268.5080,4.3219
2026-04-24,US05602XQS08,101.2180,101.3680,101.5180,7.0070,270.2590,4.3044
2026-04-27,US05602XQS08,101.2180,101.3680,101.5180,7.0070,267.1510,4.3355
2026-04-28,US05602XQS08,101.2180,101.3680,101.5180,7.0060,265.8020,4.3480
2026-04-29,US05602XQS08,100.3400,100.4900,100.6400,7.1300,271.7040,4.4130
2026-04-30,US05602XQS08,100.3400,100.4900,100.6400,7.1300,272.7790,4.4022
2026-05-01,US05602XQS08,100.7500,100.9000,101.0500,7.0720,269.0810,4.3812
2026-05-04,US05602XQS08,100.9600,101.1100,101.2600,7.0420,260.3690,4.4383
2026-05-05,US05602XQS08,100.6250,100.7750,100.9250,7.0890,266.9830,4.4192
2026-05-06,US05602XQS08,100.6250,100.7750,100.9250,7.0890,273.9040,4.3500
2026-05-07,US05602XQS08,101.1000,101.2500,101.4000,7.0220,262.9080,4.3929
2026-05-08,US05602XQS08,100.5880,100.6880,100.7890,7.1010,273.5450,4.3655
2026-05-11,US05602XQS08,100.5460,100.6550,100.7630,7.1060,269.6290,4.4097
2026-05-12,US05602XQS08,100.0870,100.1910,100.2940,7.1720,271.0330,4.4617
2026-05-13,US05602XQS08,100.1540,100.2530,100.3520,7.1630,269.7980,4.4650
2026-05-14,US05602XQS08,100.4110,100.5120,100.6130,7.1260,265.4180,4.4718
2026-05-15,US05602XQS08,99.3380,99.4640,99.5910,7.2750,268.6850,4.5882
2026-05-18,US05602XQS08,99.4690,99.5810,99.6940,7.2590,265.1750,4.6073
2026-05-19,US05602XQS08,98.9500,99.0590,99.1690,7.3340,266.9200,4.6648
2026-05-20,US05602XQS08,99.4510,99.5600,99.6690,7.2620,269.0240,4.5718
2026-05-21,US05602XQS08,99.1770,99.3820,99.5860,7.2870,272.9440,4.5576
2026-05-22,US05602XQS08,99.8680,99.9860,100.1030,7.2010,264.2880,4.5581
2026-05-25,US05602XQS08,99.8130,99.9580,100.1020,7.2050,264.5500,4.5595
2026-05-26,US05602XQS08,100.2670,100.3970,100.5260,7.1420,264.8320,4.4937
2026-05-27,US05602XQS08,100.2690,100.3840,100.4990,7.1440,265.9070,4.4849
2026-05-28,US05602XQS08,100.0700,100.1990,100.3270,7.1700,272.1230,4.4488
2026-05-29,US05602XQS08,100.3210,100.4120,100.5040,7.1390,269.3610,4.4454
2026-06-01,US05602XQS08,99.9550,100.0650,100.1760,7.1890,272.8780,4.4602
2026-06-02,US05602XQS08,100.1130,100.2440,100.3760,7.1630,270.9720,4.4533
2026-06-03,US05602XQS08,99.7630,99.9020,100.0420,7.2120,272.4690,4.4873
2026-06-04,US05602XQS08,99.9360,100.0300,100.1240,7.1940,272.0140,4.4739
2026-06-05,US05602XQS08,99.7690,99.9180,100.0670,7.2100,266.4680,4.5453
2026-06-08,US05602XQS08,99.6760,99.7710,99.8660,7.2310,266.5840,4.5652
2026-06-09,US05602XQS08,99.8050,99.9080,100.0120,7.2110,268.4080,4.5269
2026-06-10,US05602XQS08,99.6070,99.7110,99.8150,7.2400,269.5610,4.5444
2026-06-11,US05602XQS08,99.5920,99.6640,99.7360,7.2460,279.3430,4.4526
2026-06-12,US05602XQS08,99.9670,100.1490,100.3320,7.1770,269.7370,4.4796
2026-06-15,US05602XQS08,100.5330,100.6310,100.7280,7.1080,263.8460,4.4695
2026-06-16,US05602XQS08,100.2000,100.3280,100.4560,7.1510,271.8050,4.4329
2026-06-17,US05602XQS08,100.0520,100.1530,100.2550,7.1760,268.0710,4.4953
2026-06-18,US05602XQS08,99.8840,100.0260,100.1680,7.1940,274.1430,4.4526
2026-06-19,US05602XQS08,99.7660,99.9040,100.0420,7.2120,275.4750,4.4573
2026-06-22,US05602XQS08,99.8500,99.9950,100.1400,7.1990,269.1200,4.5078
2026-06-23,US05602XQS08,99.7760,99.8870,99.9980,7.2140,272.0880,4.4931
2026-06-24,US05602XQS08,100.0590,100.1410,100.2230,7.1780,277.4210,4.4038
2026-06-25,US05602XQS08,100.2300,100.3210,100.4120,7.1520,275.5180,4.3968
2026-06-26,US05602XQS08,100.1500,100.2630,100.3770,7.1600,278.9550,4.3704
2026-06-29,US05602XQS08,100.2620,100.3810,100.5000,7.1430,277.6500,4.3665
2026-06-30,US05602XQS08,100.5080,100.6170,100.7260,7.1090,266.7290,4.4417
2026-07-01,US05602XQS08,100.2560,100.3850,100.5140,7.1430,266.3290,4.4797
2026-07-02,US05602XQS08,100.4100,100.5040,100.5980,7.1250,264.3770,4.4812
2026-07-03,US05602XQS08,100.5310,100.6400,100.7490,7.1060,263.3870,4.4721
2026-07-06,US05602XQS08,100.6160,100.7390,100.8620,7.0920,262.2320,4.4697
2026-07-07,US05602XQS08,100.3260,100.4390,100.5520,7.1350,259.0310,4.5447
2026-07-08,US05602XQS08,99.8380,99.9970,100.1560,7.1980,262.7720,4.5703
2026-07-09,US05602XQS08,100.0480,100.1550,100.2630,7.1750,262.7390,4.5476
2026-07-10,US05602XQS08,99.9060,100.0510,100.1960,7.1900,262.8950,4.5611
2026-07-13,US05602XQS08,99.6500,99.7770,99.9050,7.2300,261.5710,4.6143
2026-07-14,US05602XQS08,99.6230,99.7230,99.8230,7.2380,265.5630,4.5824
2026-07-15,US05602XQS08,99.6830,99.8040,99.9250,7.2260,267.2290,4.5537
2026-07-16,US05602XQS08,99.7410,99.8390,99.9380,7.2210,265.7790,4.5632
2026-07-17,US05602XQS08,99.7610,99.8910,100.0210,7.2130,266.6470,4.5465
2026-07-20,US05602XQS08,99.6570,99.7550,99.8540,7.2330,264.0120,4.5929
2026-07-21,US05602XQS08,99.5920,99.6690,99.7460,7.2460,261.5720,4.6303
2026-07-22,US05602XQS08,99.3400,99.4750,99.6100,7.2740,261.1600,4.6624
2026-07-23,US05602XQS08,98.6000,98.7170,98.8340,7.3850,268.5440,4.6996
2026-07-24,US05602XQS08,98.4830,98.5920,98.7010,7.4030,272.2990,4.6800
2026-07-27,US05602XQS08,99.0080,99.1320,99.2560,7.3240,268.0150,4.6439
2026-07-28,US05602XQS08,98.7900,98.9870,99.1830,7.3450,274.3840,4.6012
2026-07-29,US05602XQS08,98.6600,98.7990,98.9370,7.3730,271.0510,4.6625
2026-07-30,US05602XQS08,98.9270,99.0180,99.1090,7.3410,267.5770,4.6652
2026-07-31,US05602XQS08,99.0780,99.2130,99.3480,7.3120,259.5730,4.7163
2026-08-03,US05602XQS08,99.5570,99.6820,99.8070,7.2440,255.6990,4.6870
2026-08-04,US05602XQS08,100.1990,100.2930,100.3870,7.1550,253.3670,4.6213
2026-08-05,US05602XQS08,100.4140,100.5140,100.6130,7.1240,250.5300,4.6187
2026-08-06,US05602XQS08,100.3910,100.4980,100.6050,7.1260,245.9360,4.6666
2026-08-07,US05602XQS08,100.3870,100.5250,100.6630,7.1220,248.0180,4.6418
2026-08-10,US05602XQS08,100.1540,100.2780,100.4010,7.1580,245.2010,4.7060
2026-08-11,US05602XQS08,100.0670,100.1620,100.2560,7.1740,248.4440,4.6896
2026-08-12,US05602XQS08,100.0520,100.1570,100.2620,7.1750,249.0110,4.6849
2026-08-13,US05602XQS08,100.4250,100.5120,100.5990,7.1240,249.0020,4.6340
2026-08-14,US05602XQS08,100.0990,100.2410,100.3830,7.1630,248.1080,4.6819
2026-08-17,US05602XQS08,99.9950,100.1310,100.2670,7.1790,245.6280,4.7227
2026-08-18,US05602XQS08,99.6510,99.7690,99.8880,7.2320,252.1650,4.7104
2026-08-19,US05602XQS08,99.6390,99.7500,99.8620,7.2340,259.7040,4.6370
2026-08-20,US05602XQS08,99.4700,99.5920,99.7140,7.2580,255.9200,4.6988
2026-08-21,US05602XQS08,99.3860,99.5220,99.6580,7.2680,253.3960,4.7340
2026-08-24,US05602XQS08,99.2540,99.3690,99.4830,7.2900,258.6760,4.7032
2026-08-25,US05602XQS08,99.2350,99.3590,99.4830,7.2920,266.5740,4.6263
2026-08-26,US05602XQS08,99.2480,99.3610,99.4740,7.2920,263.3970,4.6580
2026-08-27,US05602XQS08,99.0830,99.2090,99.3360,7.3140,264.3200,4.6708
2026-08-28,US05602XQS08,98.7400,98.8740,99.0080,7.3640,263.8190,4.7258
2026-08-31,US05602XQS08,98.5830,98.7190,98.8550,7.3860,263.0360,4.7556
2026-09-01,US05602XQS08,98.1690,98.2620,98.3550,7.4540,265.9750,4.7942
2026-09-02,US05602XQS08,98.1720,98.2540,98.3360,7.4560,267.1740,4.7843
2026-09-03,US05602XQS08,98.5830,98.6910,98.8000,7.3910,261.9570,4.7714
2026-09-04,US05602XQS08,98.5820,98.6840,98.7850,7.3920,261.0310,4.7817
2026-09-07,US05602XQS08,98.5210,98.6260,98.7300,7.4010,261.6610,4.7844
2026-09-08,US05602XQS08,98.4890,98.5960,98.7030,7.4050,261.2620,4.7924
2026-09-09,US05602XQS08,98.0130,98.1410,98.2700,7.4730,263.6140,4.8369
2026-09-10,US05602XQS08,97.4150,97.5390,97.6630,7.5640,261.6760,4.9472
2026-09-11,US05602XQS08,97.2610,97.3980,97.5360,7.5850,261.0770,4.9742
2026-09-14,US05602XQS08,96.4850,96.6010,96.7160,7.7060,272.4210,4.9818
2026-09-15,US05602XQS08,96.3370,96.5210,96.7050,7.7190,271.7670,5.0013
2026-09-16,US05602XQS08,97.0440,97.1540,97.2630,7.6230,260.9130,5.0139
2026-09-17,US05602XQS08,97.3390,97.4640,97.5890,7.5760,264.1680,4.9343
2026-09-18,US05602XQS08,96.5920,96.7290,96.8650,7.6880,268.2170,5.0058
2026-09-21,US05602XQS08,96.9700,97.0700,97.1700,7.6360,268.1320,4.9547
2026-09-22,US05602XQS08,96.6540,96.7710,96.8880,7.6820,272.7740,4.9543
2026-09-23,US05602XQS08,96.0610,96.1910,96.3210,7.7710,266.7720,5.1033
2026-09-24,US05602XQS08,95.3450,95.4980,95.6520,7.8780,268.6170,5.1918
2026-09-25,US05602XQS08,95.1060,95.2520,95.3980,7.9170,275.8810,5.1582
