,Coefficient,Std. Error,p-value
const,0.005,0.0053,0.3473
post_default_jump,-63.5431,0.0157,0.0
DXY,60.0406,0.7658,0.0
Brent,24.6563,0.7021,0.0
WTI,1.1079,0.7616,0.1457
EMBI,15.7185,0.6792,0.0
EM_HY,0.6051,0.756,0.4235
US10Y,-0.0001,0.0022,0.9783
VIX,-0.2619,0.1072,0.0146
MOVE,0.0157,0.1927,0.935
DXY x post,-58.9795,1.3045,0.0
Brent x post,-23.2023,1.0665,0.0
WTI x post,-0.351,1.3978,0.8017
EMBI x post,-14.3377,1.1678,0.0
EM_HY x post,-0.2645,0.9914,0.7896
US10Y x post,-0.0021,0.0034,0.5335
VIX x post,0.3877,0.1734,0.0254
MOVE x post,0.0224,0.2679,0.9334
