spread_vol_bp,isin,implied_ponv,p_call_first,p_called,p_conversion,p_never_called,avg_coupon_cut,recovery
0.0,US05602XQR25,0.023341617231356665,0.91335,0.9908,0.0092,0.0,0.03412527543295851,0.3704075171509959
0.0,US05602XQS08,0.02337295674747209,0.90775,0.98835,0.01165,0.0,0.035195058860792994,0.3121676852137846
0.0,US05602XQQ42,0.02289147339507852,0.90995,0.98875,0.01125,0.0,0.03540511840288829,0.3700696529774564
25.0,US05602XQR25,0.02331140983561191,0.66515,0.988,0.0114,0.0006,0.036056832590954935,0.3704075171509959
25.0,US05602XQS08,0.02338708407612838,0.7604,0.987,0.013,0.0,0.036029812682337625,0.3121676852137846
25.0,US05602XQQ42,0.022930626811863954,0.87255,0.9884,0.0116,0.0,0.035729292144291214,0.3700696529774564
50.0,US05602XQR25,0.023204201666251596,0.57275,0.98315,0.01285,0.004,0.03676533163129614,0.3704075171509959
50.0,US05602XQS08,0.02336658275926375,0.62555,0.98425,0.01445,0.0013,0.036827583552998755,0.3121676852137846
50.0,US05602XQQ42,0.023003542710084222,0.73975,0.98695,0.0129,0.00015,0.03676146245704359,0.3700696529774564
75.0,US05602XQR25,0.023094834136699764,0.5395,0.97995,0.01365,0.0064,0.03709533872389603,0.3704075171509959
75.0,US05602XQS08,0.023321782639119104,0.57275,0.98175,0.01515,0.0031,0.037138040586372933,0.3121676852137846
75.0,US05602XQQ42,0.02304033104603224,0.6588,0.9852,0.01385,0.00095,0.037020613304087346,0.3700696529774564
100.0,US05602XQR25,0.022988652985002803,0.52355,0.97835,0.01405,0.0076,0.03721557834631262,0.3704075171509959
100.0,US05602XQS08,0.02325971479181351,0.5463,0.97955,0.0159,0.00455,0.03728773476684788,0.3121676852137846
100.0,US05602XQQ42,0.023021473987768156,0.6138,0.98375,0.01445,0.0018,0.03728427215704189,0.3700696529774564
150.0,US05602XQR25,0.022699475184209526,0.50515,0.9752,0.01465,0.01015,0.03745765730075168,0.3704075171509959
150.0,US05602XQS08,0.023046011256082452,0.5174,0.97625,0.01685,0.0069,0.0374159892247421,0.3121676852137846
150.0,US05602XQQ42,0.02285570036049107,0.5667,0.9811,0.015,0.0039,0.03762620216872126,0.3700696529774564
200.0,US05602XQR25,0.02222214405203738,0.4976,0.9736,0.0149,0.0115,0.03753603955859941,0.3704075171509959
200.0,US05602XQS08,0.02262015489128712,0.5023,0.97465,0.01725,0.0081,0.037463338921383205,0.3121676852137846
200.0,US05602XQQ42,0.022439498993165573,0.5415,0.9792,0.0156,0.0052,0.03771390840918731,0.3700696529774564
