model,date,isin,implied_ponv,r,clean,accrued,p_called,p_conversion,common_ponv,model_clean,cheapness_pts
deterministic refi spread,2025-06-27,US05602XQQ42,0.026795192836932727,0.042814,100.387,0.0,0.98695,0.01305,0.026795192836932727,100.38699989041311,-1.0958689244944253e-07
deterministic refi spread,2025-07-04,US05602XQQ42,0.025203097849701542,0.043406,101.076,0.14486111111111108,0.98695,0.01305,0.025203097849701542,101.07599995487473,-4.5125261749490164e-08
deterministic refi spread,2025-07-11,US05602XQQ42,0.024731510974908416,0.044183,100.8,0.28972222222222216,0.98695,0.01305,0.024731510974908416,100.7999999664124,-3.3587596703910094e-08
deterministic refi spread,2025-07-18,US05602XQQ42,0.02558407233353963,0.044257,100.336,0.4345833333333333,0.98695,0.01305,0.02558407233353963,100.33599995208768,-4.791232299794501e-08
deterministic refi spread,2025-07-25,US05602XQQ42,0.02459153716056671,0.043832,101.313,0.5794444444444443,0.98695,0.01305,0.02459153716056671,101.3129999724912,-2.750880412349943e-08
deterministic refi spread,2025-08-01,US05602XQQ42,0.025643013849807494,0.042133000000000004,101.684,0.7036111111111111,0.98695,0.01305,0.025643013849807494,101.68399994817409,-5.182590712138335e-08
deterministic refi spread,2025-08-08,US05602XQQ42,0.02414950048834336,0.042695,102.307,0.8484722222222222,0.9868,0.0132,0.02414950048834336,102.30699997826846,-2.1731537458435923e-08
deterministic refi spread,2025-08-15,US05602XQQ42,0.022721403249165547,0.043222,103.25,0.9933333333333333,0.987,0.013,0.022721403249165547,103.24999999185692,-8.143075547195622e-09
deterministic refi spread,2025-08-22,US05602XQQ42,0.02429119632222393,0.042583,102.438,1.1381944444444443,0.987,0.013,0.02429119632222393,102.43799997868138,-2.1318626863831014e-08
deterministic refi spread,2025-08-29,US05602XQQ42,0.02495144452551393,0.042245,102.083,1.2830555555555554,0.987,0.013,0.02495144452551393,102.08299996867068,-3.1329321359407913e-08
deterministic refi spread,2025-09-05,US05602XQQ42,0.026076057109672757,0.040888999999999995,102.157,1.4072222222222222,0.987,0.013,0.026076057109672757,102.15699993967588,-6.032411192791187e-08
deterministic refi spread,2025-09-12,US05602XQQ42,0.02272648314778926,0.040607,105.188,1.5520833333333333,0.98705,0.01295,0.02272648314778926,105.18799999249462,-7.505377652705647e-09
deterministic refi spread,2025-09-19,US05602XQQ42,0.021708267784290053,0.04125,105.425,1.6969444444444444,0.98705,0.01295,0.021708267784290053,105.42499999618465,-3.815344484792149e-09
deterministic refi spread,2025-09-26,US05602XQQ42,0.02231059156258637,0.041807,104.454,1.8418055555555555,0.98705,0.01295,0.02231059156258637,104.45399999446289,-5.5371032203765935e-09
deterministic refi spread,2025-10-03,US05602XQQ42,0.021977382422605128,0.041217,105.075,1.9866666666666666,0.98705,0.01295,0.021977382422605128,105.07499999548287,-4.517133334047685e-09
deterministic refi spread,2025-10-10,US05602XQQ42,0.023892464221434245,0.040549,103.998,2.1315277777777775,0.98705,0.01295,0.023892464221434245,103.99799998492067,-1.507933689026686e-08
deterministic refi spread,2025-10-17,US05602XQQ42,0.023564075968340016,0.040000999999999995,104.875,2.2763888888888886,0.9871,0.0129,0.023564075968340016,104.87499998897557,-1.1024425816685834e-08
deterministic refi spread,2025-10-24,US05602XQQ42,0.024184453511565063,0.039941,104.34,2.4212499999999997,0.9871,0.0129,0.024184453511565063,104.33999998406529,-1.5934716657284298e-08
deterministic refi spread,2025-10-31,US05602XQQ42,0.02365208761455989,0.040942,103.951,2.545416666666666,0.9871,0.0129,0.02365208761455989,103.95099998872614,-1.127385473864706e-08
deterministic refi spread,2025-11-07,US05602XQQ42,0.025767142816561082,0.040913000000000005,102.309,2.6902777777777773,0.9872,0.0128,0.025767142816561082,102.30899996217134,-3.782865576340555e-08
deterministic refi spread,2025-11-14,US05602XQQ42,0.025523674143944783,0.041328,102.45,2.8351388888888884,0.98735,0.01265,0.025523674143944783,102.44999997132882,-2.867118098492938e-08
deterministic refi spread,2025-11-21,US05602XQQ42,0.025951995101327327,0.040627,102.561,2.98,0.98735,0.01265,0.025951995101327327,102.56099996315466,-3.684534988224186e-08
deterministic refi spread,2025-11-28,US05602XQQ42,0.024091272239851254,0.040156,104.243,3.1248611111111106,0.98735,0.01265,0.024091272239851254,104.24299998705145,-1.2948547123414755e-08
deterministic refi spread,2025-12-05,US05602XQQ42,0.02235500250573805,0.041382,104.602,3.2697222222222218,0.98735,0.01265,0.02235500250573805,104.60199999569215,-4.307850076656905e-09
deterministic refi spread,2025-12-12,US05602XQR25,0.022716201199628753,0.041901,100.125,3.380208333333334,0.98885,0.01115,0.022749490413753487,100.10318654439435,-0.02181345560565262
deterministic refi spread,2025-12-12,US05602XQQ42,0.022782779627878218,0.041901,104.133,3.414583333333333,0.98725,0.01275,0.022749490413753487,104.1582559744532,0.025255974453202157
deterministic refi spread,2025-12-19,US05602XQR25,0.022976414381133254,0.04151099999999999,100.125,0.0763888888888889,0.98885,0.01115,0.02285889415324506,100.2019813397039,0.07698133970390586
deterministic refi spread,2025-12-19,US05602XQQ42,0.022741373925356863,0.04151099999999999,104.379,3.559444444444444,0.98725,0.01275,0.02285889415324506,104.28965809856709,-0.08934190143291687
deterministic refi spread,2025-12-26,US05602XQR25,0.022933283248877254,0.041304,100.2,0.21006944444444448,0.98885,0.01115,0.022828091169601928,100.26896583053731,0.06896583053730865
deterministic refi spread,2025-12-26,US05602XQQ42,0.0227228990903266,0.041304,104.466,3.7043055555555555,0.98725,0.01275,0.022828091169601928,104.38595297614528,-0.08004702385471774
deterministic refi spread,2026-01-02,US05602XQR25,0.0228675693944472,0.041907,100.155,0.3246527777777778,0.9891,0.0109,0.022455843843443332,100.42324094592108,0.26824094592107883
deterministic refi spread,2026-01-02,US05602XQQ42,0.02204411829243946,0.041907,104.488,0.10347222222222222,0.98725,0.01275,0.022455843843443332,104.17509759460285,-0.3129024053971534
deterministic refi spread,2026-01-09,US05602XQR25,0.02226726946757955,0.04165,100.64,0.4583333333333334,0.9891,0.0109,0.021485567084705816,101.15294683449902,0.5129468344990187
deterministic refi spread,2026-01-09,US05602XQQ42,0.020703864701832084,0.04165,105.639,0.24833333333333332,0.98725,0.01275,0.021485567084705816,105.03793510227688,-0.6010648977231199
deterministic refi spread,2026-01-16,US05602XQR25,0.02148971377353026,0.042253,100.692,0.592013888888889,0.9891,0.0109,0.02098506403888925,101.02303007733123,0.3310300773312349
deterministic refi spread,2026-01-16,US05602XQQ42,0.02048041430424824,0.042253,105.592,0.3931944444444444,0.98735,0.01265,0.02098506403888925,105.20573148130843,-0.38626851869156553
deterministic refi spread,2026-01-23,US05602XQR25,0.02160716395321085,0.042310999999999994,100.5,0.7256944444444446,0.9891,0.0109,0.021022337836590566,100.88288420563579,0.38288420563578995
deterministic refi spread,2026-01-23,US05602XQQ42,0.020437511719970283,0.042310999999999994,105.503,0.5380555555555555,0.98735,0.01265,0.021022337836590566,105.05597279896762,-0.4470272010323839
deterministic refi spread,2026-01-30,US05602XQR25,0.021818483218869842,0.042504,100.503,0.8593750000000001,0.98915,0.01085,0.02100768326386196,101.03053247151192,0.5275324715119183
deterministic refi spread,2026-01-30,US05602XQQ42,0.020196883308854077,0.042504,105.474,0.6829166666666666,0.98735,0.01265,0.02100768326386196,104.8550743766034,-0.6189256233966063
deterministic refi spread,2026-02-06,US05602XQR25,0.021954392767935867,0.042042,100.699,0.9739583333333335,0.98945,0.01055,0.021185250060742778,101.20012027829263,0.5011202782926318
deterministic refi spread,2026-02-06,US05602XQQ42,0.02041610735354969,0.042042,105.646,0.8070833333333332,0.9876,0.0124,0.021185250060742778,105.05800085183608,-0.5879991481639166
deterministic refi spread,2026-02-13,US05602XQR25,0.023311693820455094,0.040423999999999995,100.723,1.107638888888889,0.98945,0.01055,0.022510218237962277,101.24534364406298,0.5223436440629854
deterministic refi spread,2026-02-13,US05602XQQ42,0.02170874265546946,0.040423999999999995,106.051,0.9519444444444444,0.98765,0.01235,0.022510218237962277,105.43881663263858,-0.6121833673614248
deterministic refi spread,2026-02-20,US05602XQR25,0.021838575305957886,0.040807,101.38,1.2413194444444446,0.98945,0.01055,0.021369161628653287,101.68790920646843,0.30790920646843745
deterministic refi spread,2026-02-20,US05602XQQ42,0.020899747951348687,0.040807,106.326,1.0968055555555554,0.98765,0.01235,0.021369161628653287,105.96580979737203,-0.36019020262796175
deterministic refi spread,2026-02-27,US05602XQR25,0.024169009150739895,0.039623,100.515,1.3750000000000002,0.98945,0.01055,0.02353954167149186,100.92393266432258,0.40893266432257747
deterministic refi spread,2026-02-27,US05602XQQ42,0.02291007419224382,0.039623,105.573,1.2416666666666665,0.98765,0.01235,0.02353954167149186,105.0945577266303,-0.47844227336969425
deterministic refi spread,2026-03-06,US05602XQR25,0.0259301195344061,0.041462000000000006,98.475,1.5468750000000002,0.9895,0.0105,0.0245149191378601,99.36846673676493,0.8934667367649354
deterministic refi spread,2026-03-06,US05602XQQ42,0.0230997187413141,0.041462000000000006,103.95,1.4279166666666665,0.98765,0.01235,0.0245149191378601,102.8973182102755,-1.0526817897245024
deterministic refi spread,2026-03-13,US05602XQR25,0.025942043314337894,0.042824999999999995,97.576,1.6805555555555558,0.9895,0.0105,0.02515875279536923,98.06405233592386,0.488052335923868
deterministic refi spread,2026-03-13,US05602XQQ42,0.024375462276400566,0.042824999999999995,102.277,1.5727777777777776,0.9877,0.0123,0.02515875279536923,101.70785657355212,-0.5691434264478801
deterministic refi spread,2026-03-20,US05602XQR25,0.025529878169391354,0.04388499999999999,97.122,1.8142361111111114,0.9895,0.0105,0.024935107968539493,97.49032777827887,0.36832777827886787
deterministic refi spread,2026-03-20,US05602XQQ42,0.024340337767687632,0.04388499999999999,101.481,1.7176388888888887,0.9877,0.0123,0.024935107968539493,101.05255155184906,-0.42844844815093097
deterministic refi spread,2026-03-27,US05602XQR25,0.026548303854285575,0.044326,96.159,1.947916666666667,0.9895,0.0105,0.02601017768604609,96.48825678887745,0.32925678887744425
deterministic refi spread,2026-03-27,US05602XQQ42,0.025472051517806602,0.044326,100.287,1.8624999999999996,0.9877,0.0123,0.02601017768604609,99.9048248559272,-0.3821751440728036
deterministic refi spread,2026-04-03,US05602XQR25,0.025525198559805583,0.043158,97.776,2.0625000000000004,0.9896,0.0104,0.025172208090992354,97.99435535515528,0.21835535515528193
deterministic refi spread,2026-04-03,US05602XQQ42,0.024819217622179125,0.043158,101.505,1.9866666666666666,0.9877,0.0123,0.025172208090992354,101.25047378855847,-0.2545262114415294
deterministic refi spread,2026-04-10,US05602XQR25,0.0226065797627892,0.043163,99.536,2.196180555555556,0.9896,0.0104,0.02223536772858118,99.77052014861682,0.23452014861682358
deterministic refi spread,2026-04-10,US05602XQQ42,0.02186415569437316,0.043163,103.606,2.1315277777777775,0.9877,0.0123,0.02223536772858118,103.33160343531323,-0.2743965646867679
deterministic refi spread,2026-04-17,US05602XQR25,0.022235778955476314,0.042422,100.147,2.3298611111111116,0.9896,0.0104,0.022706682310889955,99.84830536506442,-0.2986946349355861
deterministic refi spread,2026-04-17,US05602XQS08,0.02396865082901659,0.042422,101.101,0.0,0.98715,0.01285,0.022706682310889955,102.07082315820065,0.9698231582006542
deterministic refi spread,2026-04-17,US05602XQQ42,0.021915617148176955,0.042422,104.337,2.2763888888888886,0.9877,0.0123,0.022706682310889955,103.75195776679375,-0.5850422332062521
deterministic refi spread,2026-04-24,US05602XQR25,0.022464885744349027,0.043038999999999994,99.536,2.463541666666667,0.9896,0.0104,0.022342078517317385,99.61350327607435,0.07750327607435281
deterministic refi spread,2026-04-24,US05602XQS08,0.02291115601857885,0.043038999999999994,101.368,0.13999999999999999,0.98715,0.01285,0.022342078517317385,101.80542102871736,0.43742102871736677
deterministic refi spread,2026-04-24,US05602XQQ42,0.02165019378902428,0.043038999999999994,104.0,2.4212499999999997,0.9877,0.0123,0.022342078517317385,103.49005796057035,-0.5099420394296459
deterministic refi spread,2026-05-01,US05602XQR25,0.02191376788432171,0.043806000000000005,99.695,2.5972222222222223,0.98975,0.01025,0.021864994507910362,99.72558688065754,0.030586880657551774
deterministic refi spread,2026-05-01,US05602XQS08,0.02269157436388636,0.043806000000000005,100.9,0.27999999999999997,0.98715,0.01285,0.021864994507910362,101.53256360607696,0.6325636060769568
deterministic refi spread,2026-05-01,US05602XQQ42,0.020989641275523014,0.043806000000000005,103.868,2.566111111111111,0.9877,0.0123,0.021864994507910362,103.22433910893447,-0.6436608910655224
deterministic refi spread,2026-05-08,US05602XQR25,0.021550946583662908,0.043655,100.025,2.730902777777778,0.99025,0.00975,0.022032312883107318,99.72277829507479,-0.3022217049252163
deterministic refi spread,2026-05-08,US05602XQS08,0.02352653254939245,0.043655,100.688,0.42,0.98755,0.01245,0.022032312883107318,101.82536080849505,1.1373608084950462
deterministic refi spread,2026-05-08,US05602XQQ42,0.02101945951626659,0.043655,103.968,2.710972222222222,0.98815,0.01185,0.022032312883107318,103.22331752298565,-0.7446824770143508
deterministic refi spread,2026-05-15,US05602XQR25,0.02157454825831204,0.045887000000000004,98.605,2.864583333333334,0.99025,0.00975,0.021740230726437826,98.50258394284474,-0.10241605715526703
deterministic refi spread,2026-05-15,US05602XQS08,0.02291642466264639,0.045887000000000004,99.464,0.5599999999999999,0.98755,0.01245,0.021740230726437826,100.34481678456416,0.8808167845641606
deterministic refi spread,2026-05-15,US05602XQQ42,0.020729719258355053,0.045887000000000004,102.854,2.855833333333333,0.98815,0.01185,0.021740230726437826,102.12535173297199,-0.7286482670280066
deterministic refi spread,2026-05-22,US05602XQR25,0.020898617769850202,0.045579999999999996,99.128,2.9982638888888897,0.99025,0.00975,0.021267976188201657,98.89844921331769,-0.2295507866823101
deterministic refi spread,2026-05-22,US05602XQS08,0.022415237581586128,0.045579999999999996,99.986,0.7,0.98755,0.01245,0.021267976188201657,100.85058629526782,0.8645862952678129
deterministic refi spread,2026-05-22,US05602XQQ42,0.02049007321316864,0.045579999999999996,103.164,3.0006944444444446,0.98815,0.01185,0.021267976188201657,102.60052237756743,-0.5634776224325719
deterministic refi spread,2026-05-29,US05602XQR25,0.02137756769999777,0.044462,99.419,3.131944444444445,0.99025,0.00975,0.021756750242043276,99.18258133421868,-0.23641866578131498
deterministic refi spread,2026-05-29,US05602XQS08,0.022829629115168386,0.044462,100.412,0.84,0.98755,0.01245,0.021756750242043276,101.2244019209544,0.8124019209544002
deterministic refi spread,2026-05-29,US05602XQQ42,0.02106305391096367,0.044462,103.454,3.145555555555555,0.98815,0.01185,0.021756750242043276,102.94972032004041,-0.5042796799595806
deterministic refi spread,2026-06-05,US05602XQR25,0.02171799318956012,0.04545,98.911,3.2465277777777786,0.99015,0.00985,0.0218397600522892,98.83602678869212,-0.07497321130787782
deterministic refi spread,2026-06-05,US05602XQS08,0.022890148625839844,0.04545,99.918,0.9599999999999999,0.98775,0.01225,0.0218397600522892,100.70445390698961,0.7864539069896068
deterministic refi spread,2026-06-05,US05602XQQ42,0.020911138341467635,0.04545,102.824,3.2697222222222218,0.98815,0.01185,0.0218397600522892,102.1547843923411,-0.6692156076588986
deterministic refi spread,2026-06-12,US05602XQR25,0.022097784664074176,0.044795,98.989,3.380208333333334,0.99015,0.00985,0.022371150960780548,98.82065882652732,-0.16834117347268318
deterministic refi spread,2026-06-12,US05602XQS08,0.023118764507215242,0.044795,100.149,1.0999999999999999,0.98775,0.01225,0.022371150960780548,100.70951878595075,0.5605187859507481
deterministic refi spread,2026-06-12,US05602XQQ42,0.021896903711052233,0.044795,102.792,3.414583333333333,0.98815,0.01185,0.022371150960780548,102.45183106737781,-0.3401689326221913
deterministic refi spread,2026-06-19,US05602XQR25,0.022257242172395962,0.044566999999999996,98.956,0.0763888888888889,0.99015,0.00985,0.02259793481842449,98.74635120244992,-0.2096487975500878
deterministic refi spread,2026-06-19,US05602XQS08,0.023583938401906476,0.044566999999999996,99.904,1.24,0.98775,0.01225,0.02259793481842449,100.6417705290837,0.7377705290837042
deterministic refi spread,2026-06-19,US05602XQQ42,0.021952623880971033,0.044566999999999996,102.867,3.559444444444444,0.98815,0.01185,0.02259793481842449,102.40421530681078,-0.4627846931892208
deterministic refi spread,2026-06-26,US05602XQR25,0.02235420878711783,0.043707,99.315,0.21006944444444448,0.99015,0.00985,0.022863644790922066,99.00036676766558,-0.3146332323344154
deterministic refi spread,2026-06-26,US05602XQS08,0.02382505969004078,0.043707,100.263,1.38,0.98775,0.01225,0.022863644790922066,100.98542238239929,0.7224223823992872
deterministic refi spread,2026-06-26,US05602XQQ42,0.02241166589560759,0.043707,103.048,3.7043055555555555,0.98815,0.01185,0.022863644790922066,102.72295267208021,-0.3250473279197905
deterministic refi spread,2026-07-03,US05602XQR25,0.02103641068875977,0.044725,99.805,0.34375000000000006,0.99025,0.00975,0.0215614942210471,99.48134586569998,-0.3236541343000283
deterministic refi spread,2026-07-03,US05602XQS08,0.022661580376468638,0.044725,100.64,1.5199999999999998,0.9878,0.0122,0.0215614942210471,101.46644052452147,0.8264405245214732
deterministic refi spread,2026-07-03,US05602XQQ42,0.020986491597912896,0.044725,103.298,0.12416666666666666,0.98815,0.01185,0.0215614942210471,102.8834475471827,-0.41455245281730413
deterministic refi spread,2026-07-10,US05602XQR25,0.02096506617177931,0.04561,99.245,0.47743055555555564,0.99025,0.00975,0.0214530031148113,98.94615024269432,-0.29884975730568897
deterministic refi spread,2026-07-10,US05602XQS08,0.022501411198337175,0.04561,100.051,1.6599999999999997,0.9878,0.0122,0.0214530031148113,100.83283892116435,0.7818389211643506
deterministic refi spread,2026-07-10,US05602XQQ42,0.020892531974317417,0.04561,102.669,0.26902777777777775,0.98815,0.01185,0.0214530031148113,102.26783337799142,-0.40116662200857434
deterministic refi spread,2026-07-17,US05602XQR25,0.021156932389020444,0.04546700000000001,99.131,0.6111111111111112,0.99025,0.00975,0.021909363504731546,98.67121921863885,-0.45978078136114675
deterministic refi spread,2026-07-17,US05602XQS08,0.02275979794041375,0.04546700000000001,99.891,1.7999999999999996,0.9878,0.0122,0.021909363504731546,100.52335130216579,0.6323513021657874
deterministic refi spread,2026-07-17,US05602XQQ42,0.02181136018476044,0.04546700000000001,102.358,0.41388888888888886,0.98835,0.01165,0.021909363504731546,102.28837910767683,-0.06962089232317226
deterministic refi spread,2026-07-24,US05602XQR25,0.021382024262757267,0.046799999999999994,98.154,0.7447916666666669,0.99025,0.00975,0.02227388862783988,97.6155791265869,-0.5384208734131022
deterministic refi spread,2026-07-24,US05602XQS08,0.02317065501110119,0.046799999999999994,98.592,1.94,0.9878,0.0122,0.02227388862783988,99.24831073487869,0.6563107348786872
deterministic refi spread,2026-07-24,US05602XQQ42,0.02226898660966118,0.046799999999999994,101.07,0.55875,0.98835,0.01165,0.02227388862783988,101.06657333545904,-0.003426664540953084
deterministic refi spread,2026-07-31,US05602XQR25,0.019685989755585637,0.047166,98.93,0.8593750000000001,0.99025,0.00975,0.020977644810088302,98.1442971074507,-0.7857028925493097
deterministic refi spread,2026-07-31,US05602XQS08,0.021914945117698304,0.047166,99.213,2.0599999999999996,0.9878,0.0122,0.020977644810088302,99.90422302220729,0.6912230222072964
deterministic refi spread,2026-07-31,US05602XQQ42,0.021331999556980962,0.047166,101.434,0.6829166666666666,0.98835,0.01165,0.020977644810088302,101.68345540733596,0.24945540733595806
deterministic refi spread,2026-08-07,US05602XQR25,0.019417077991764984,0.046421000000000004,99.882,0.9930555555555557,0.99075,0.00925,0.02060895707872006,99.15491854825478,-0.7270814517452209
deterministic refi spread,2026-08-07,US05602XQS08,0.021300495278488377,0.046421000000000004,100.525,2.1999999999999997,0.9882,0.0118,0.02060895707872006,101.03930129474138,0.5143012947413723
deterministic refi spread,2026-08-07,US05602XQQ42,0.021109297965906812,0.046421000000000004,102.109,0.8277777777777777,0.9887,0.0113,0.02060895707872006,102.46401631025148,0.35501631025148583
deterministic refi spread,2026-08-14,US05602XQR25,0.01978603554997659,0.046818,99.344,1.1267361111111112,0.99075,0.00925,0.02071483304777014,98.78044147531877,-0.5635585246812269
deterministic refi spread,2026-08-14,US05602XQS08,0.02120579448537628,0.046818,100.241,2.3399999999999994,0.9882,0.0118,0.02071483304777014,100.60453129146924,0.36353129146924346
deterministic refi spread,2026-08-14,US05602XQQ42,0.021152669107957548,0.046818,102.055,0.9726388888888888,0.98875,0.01125,0.02071483304777014,102.36352610358732,0.3085261035873117
deterministic refi spread,2026-08-21,US05602XQR25,0.020230421410923696,0.047336,98.684,1.2604166666666667,0.99075,0.00925,0.02095027129946869,98.25027531800792,-0.43372468199207503
deterministic refi spread,2026-08-21,US05602XQS08,0.021574863088955742,0.047336,99.522,2.48,0.9882,0.0118,0.02095027129946869,99.98070627398545,0.4587062739854417
deterministic refi spread,2026-08-21,US05602XQQ42,0.02104552939852663,0.047336,101.69,1.1175,0.98875,0.01125,0.02095027129946869,101.75672359448143,0.06672359448143084
deterministic refi spread,2026-08-28,US05602XQR25,0.021082028810024123,0.047257999999999994,98.122,1.3940972222222223,0.99075,0.00925,0.021753251918651545,97.7202051216274,-0.4017948783725984
deterministic refi spread,2026-08-28,US05602XQS08,0.022422615895796826,0.047257999999999994,98.874,2.6199999999999997,0.9882,0.0118,0.021753251918651545,99.36175292657323,0.4877529265732363
deterministic refi spread,2026-08-28,US05602XQQ42,0.021755111050133686,0.047257999999999994,101.152,1.2623611111111108,0.98875,0.01125,0.021753251918651545,101.15330617812594,0.0013061781259438021
deterministic refi spread,2026-09-04,US05602XQR25,0.021779770882487576,0.047821999999999996,97.691,1.5086805555555558,0.9908,0.0092,0.021922387158873544,97.60663975922064,-0.0843602407793611
deterministic refi spread,2026-09-04,US05602XQS08,0.02252522427754985,0.047821999999999996,98.684,2.7399999999999998,0.98835,0.01165,0.021922387158873544,99.11952157785974,0.43552157785974543
deterministic refi spread,2026-09-04,US05602XQQ42,0.021462166316583205,0.047821999999999996,100.929,1.3865277777777778,0.98875,0.01125,0.021922387158873544,100.61030176019094,-0.3186982398090663
deterministic refi spread,2026-09-11,US05602XQR25,0.0217706675248055,0.049748,96.545,1.6423611111111114,0.9908,0.0092,0.021953525721182313,96.43833163555837,-0.10666836444163152
deterministic refi spread,2026-09-11,US05602XQS08,0.022386710509710653,0.049748,97.398,2.88,0.98835,0.01165,0.021953525721182313,97.70574519731198,0.3077451973119878
deterministic refi spread,2026-09-11,US05602XQQ42,0.021703199129030785,0.049748,99.726,1.5313888888888887,0.98875,0.01125,0.021953525721182313,99.55603417519562,-0.16996582480437894
deterministic refi spread,2026-09-18,US05602XQR25,0.022466565358551075,0.05006,95.883,1.776041666666667,0.9908,0.0092,0.02259526796523001,95.80851189114769,-0.07448810885230728
deterministic refi spread,2026-09-18,US05602XQS08,0.022928610066641597,0.05006,96.729,3.0199999999999996,0.98835,0.01165,0.02259526796523001,96.96370481538126,0.23470481538126364
deterministic refi spread,2026-09-18,US05602XQQ42,0.022390628470497356,0.05006,99.0,1.6762499999999998,0.98875,0.01125,0.02259526796523001,98.86230170112059,-0.13769829887941398
deterministic refi spread,2026-09-25,US05602XQR25,0.023479721234142867,0.051581999999999996,94.394,1.9097222222222225,0.9908,0.0092,0.02331322347366492,94.48869465432527,0.09469465432526647
deterministic refi spread,2026-09-25,US05602XQS08,0.023493322634429305,0.051581999999999996,95.252,3.1599999999999997,0.98835,0.01165,0.02331322347366492,95.37634801142619,0.12434801142619278
deterministic refi spread,2026-09-25,US05602XQQ42,0.022966626552422587,0.051581999999999996,97.566,1.821111111111111,0.98875,0.01125,0.02331322347366492,97.33698405346588,-0.22901594653411905
stochastic refi spread (100bp vol),2025-06-27,US05602XQQ42,0.026778472911901892,0.042814,100.387,0.0,0.9811,0.01665,0.026778472911901892,100.38699511296174,-4.887038258516441e-06
stochastic refi spread (100bp vol),2025-07-04,US05602XQQ42,0.02537413221810711,0.043406,101.076,0.14486111111111108,0.9811,0.01665,0.02537413221810711,101.0759976910202,-2.3089797878128593e-06
stochastic refi spread (100bp vol),2025-07-11,US05602XQQ42,0.024962929957736673,0.044183,100.8,0.28972222222222216,0.9811,0.01665,0.024962929957736673,100.79999822387622,-1.7761237813829212e-06
stochastic refi spread (100bp vol),2025-07-18,US05602XQQ42,0.025706444293747865,0.044257,100.336,0.4345833333333333,0.98165,0.01635,0.025706444293747865,100.33599756355844,-2.4364415622812885e-06
stochastic refi spread (100bp vol),2025-07-25,US05602XQQ42,0.024842661466573195,0.043832,101.313,0.5794444444444443,0.98165,0.01635,0.024842661466573195,101.3129984356173,-1.5643826998257282e-06
stochastic refi spread (100bp vol),2025-08-01,US05602XQQ42,0.02579257983088421,0.042133000000000004,101.684,0.7036111111111111,0.98165,0.01635,0.02579257983088421,101.68399721090373,-2.7890962712717737e-06
stochastic refi spread (100bp vol),2025-08-08,US05602XQQ42,0.024481929542686565,0.042695,102.307,0.8484722222222222,0.9815,0.0165,0.024481929542686565,102.30699865317962,-1.346820383218983e-06
stochastic refi spread (100bp vol),2025-08-15,US05602XQQ42,0.023166622898497802,0.043222,103.25,0.9933333333333333,0.982,0.01655,0.023166622898497802,103.24999942312566,-5.768743420730971e-07
stochastic refi spread (100bp vol),2025-08-22,US05602XQQ42,0.024566966898569173,0.042583,102.438,1.1381944444444443,0.982,0.01655,0.024566966898569173,102.43799868981552,-1.3101844871243884e-06
stochastic refi spread (100bp vol),2025-08-29,US05602XQQ42,0.025158749209087443,0.042245,102.083,1.2830555555555554,0.982,0.01655,0.025158749209087443,102.08299817450931,-1.82549068483695e-06
stochastic refi spread (100bp vol),2025-09-05,US05602XQQ42,0.026170328917701928,0.040888999999999995,102.157,1.4072222222222222,0.98195,0.01655,0.026170328917701928,102.15699671050724,-3.2894927528559492e-06
stochastic refi spread (100bp vol),2025-09-12,US05602XQQ42,0.023202615446053208,0.040607,105.188,1.5520833333333333,0.9816,0.0164,0.023202615446053208,105.18799938075863,-6.192413763983495e-07
stochastic refi spread (100bp vol),2025-09-19,US05602XQQ42,0.022313957690584946,0.04125,105.425,1.6969444444444444,0.9816,0.0164,0.022313957690584946,105.42499964687302,-3.5312697832523554e-07
stochastic refi spread (100bp vol),2025-09-26,US05602XQQ42,0.022846840251017065,0.041807,104.454,1.8418055555555555,0.9816,0.0164,0.022846840251017065,104.45399952901585,-4.7098414768242947e-07
stochastic refi spread (100bp vol),2025-10-03,US05602XQQ42,0.02257023414434731,0.041217,105.075,1.9866666666666666,0.9816,0.0164,0.02257023414434731,105.07499959004942,-4.0995058725457056e-07
stochastic refi spread (100bp vol),2025-10-10,US05602XQQ42,0.02426624663250547,0.040549,103.998,2.1315277777777775,0.9816,0.0164,0.02426624663250547,103.99799888020297,-1.11979703376619e-06
stochastic refi spread (100bp vol),2025-10-17,US05602XQQ42,0.023953769255408076,0.040000999999999995,104.875,2.2763888888888886,0.9824,0.0162,0.023953769255408076,104.87499912809302,-8.719069768403642e-07
stochastic refi spread (100bp vol),2025-10-24,US05602XQQ42,0.024505389965881082,0.039941,104.34,2.4212499999999997,0.9824,0.0162,0.024505389965881082,104.33999881434652,-1.1856534882781489e-06
stochastic refi spread (100bp vol),2025-10-31,US05602XQQ42,0.02403995586813929,0.040942,103.951,2.545416666666666,0.9824,0.0162,0.02403995586813929,103.95099912915249,-8.70847500777927e-07
stochastic refi spread (100bp vol),2025-11-07,US05602XQQ42,0.025907785401309003,0.040913000000000005,102.309,2.6902777777777773,0.9825,0.0161,0.025907785401309003,102.30899762850242,-2.371497572539738e-06
stochastic refi spread (100bp vol),2025-11-14,US05602XQQ42,0.025666050711991562,0.041328,102.45,2.8351388888888884,0.98275,0.0157,0.025666050711991562,102.44999808081197,-1.919188036936248e-06
stochastic refi spread (100bp vol),2025-11-21,US05602XQQ42,0.026058065765080296,0.040627,102.561,2.98,0.98275,0.0157,0.026058065765080296,102.56099757936177,-2.420638239186701e-06
stochastic refi spread (100bp vol),2025-11-28,US05602XQQ42,0.024441902211640307,0.040156,104.243,3.1248611111111106,0.98275,0.0157,0.024441902211640307,104.24299895102394,-1.0489760597920395e-06
stochastic refi spread (100bp vol),2025-12-05,US05602XQQ42,0.022922406486617322,0.041382,104.602,3.2697222222222218,0.98275,0.0157,0.022922406486617322,104.60199958550689,-4.144931153859943e-07
stochastic refi spread (100bp vol),2025-12-12,US05602XQR25,0.023028422562593985,0.041901,100.125,3.380208333333334,0.9765,0.0155,0.023142661856614996,100.03076289062722,-0.09423710937278429
stochastic refi spread (100bp vol),2025-12-12,US05602XQQ42,0.023256901150636004,0.041901,104.133,3.414583333333333,0.9824,0.0159,0.023142661856614996,104.232114869864,0.0991148698640103
stochastic refi spread (100bp vol),2025-12-19,US05602XQR25,0.023260912755266802,0.04151099999999999,100.125,0.0763888888888889,0.9765,0.0155,0.023248174071832134,100.13551712118375,0.01051712118375292
stochastic refi spread (100bp vol),2025-12-19,US05602XQQ42,0.023235435388397466,0.04151099999999999,104.379,3.559444444444444,0.9824,0.0159,0.023248174071832134,104.36792173159806,-0.011078268401945479
stochastic refi spread (100bp vol),2025-12-26,US05602XQR25,0.023245794550738483,0.041304,100.2,0.21006944444444448,0.9765,0.0155,0.02323874774543889,100.20582490577597,0.005824905775966727
stochastic refi spread (100bp vol),2025-12-26,US05602XQQ42,0.023231700940139297,0.041304,104.466,3.7043055555555555,0.9824,0.0159,0.02323874774543889,104.45986470676432,-0.006135293235672634
stochastic refi spread (100bp vol),2026-01-02,US05602XQR25,0.023149196528028295,0.041907,100.155,0.3246527777777778,0.97725,0.015,0.022896940530290948,100.3625847874308,0.20758478743080389
stochastic refi spread (100bp vol),2026-01-02,US05602XQQ42,0.022644684532553604,0.041907,104.488,0.10347222222222222,0.9824,0.0159,0.022896940530290948,104.26862083267142,-0.21937916732858298
stochastic refi spread (100bp vol),2026-01-09,US05602XQR25,0.022697033423620838,0.04165,100.64,0.4583333333333334,0.97725,0.015,0.02209289133170243,101.14149227669797,0.5014922766979737
stochastic refi spread (100bp vol),2026-01-09,US05602XQQ42,0.02148874923978402,0.04165,105.639,0.24833333333333332,0.9824,0.0159,0.02209289133170243,105.10680871419672,-0.5321912858032789
stochastic refi spread (100bp vol),2026-01-16,US05602XQR25,0.022090294642255096,0.042253,100.692,0.592013888888889,0.97725,0.015,0.02166992685934055,101.04087570035533,0.348875700355336
stochastic refi spread (100bp vol),2026-01-16,US05602XQQ42,0.021249559076426006,0.042253,105.592,0.3931944444444444,0.98195,0.016,0.02166992685934055,105.22313207999667,-0.3688679200033249
stochastic refi spread (100bp vol),2026-01-23,US05602XQR25,0.02220013409894445,0.042310999999999994,100.5,0.7256944444444446,0.97725,0.015,0.02171155822950783,100.90461698513809,0.40461698513809097
stochastic refi spread (100bp vol),2026-01-23,US05602XQQ42,0.021222982360071203,0.042310999999999994,105.503,0.5380555555555555,0.98195,0.016,0.02171155822950783,105.07486749329938,-0.42813250670062075
stochastic refi spread (100bp vol),2026-01-30,US05602XQR25,0.02230893470153105,0.042504,100.503,0.8593750000000001,0.9776,0.01495,0.02166625886767705,101.03236870080154,0.5293687008015411
stochastic refi spread (100bp vol),2026-01-30,US05602XQQ42,0.02102358303382305,0.042504,105.474,0.6829166666666666,0.98195,0.016,0.02166625886767705,104.91148089376405,-0.5625191062359534
stochastic refi spread (100bp vol),2026-02-06,US05602XQR25,0.022442034378072323,0.042042,100.699,0.9739583333333335,0.9779,0.01465,0.021837571905091065,101.19781467437012,0.4988146743701236
stochastic refi spread (100bp vol),2026-02-06,US05602XQQ42,0.02123310943210981,0.042042,105.646,0.8070833333333332,0.98225,0.0157,0.021837571905091065,105.1161006299609,-0.5298993700391037
stochastic refi spread (100bp vol),2026-02-13,US05602XQR25,0.02354824315339838,0.040423999999999995,100.723,1.107638888888889,0.9779,0.01465,0.02295081579836259,101.21615647326355,0.4931564732635536
stochastic refi spread (100bp vol),2026-02-13,US05602XQQ42,0.022353388443326797,0.040423999999999995,106.051,0.9519444444444444,0.9819,0.01575,0.02295081579836259,105.5263044750644,-0.5246955249355949
stochastic refi spread (100bp vol),2026-02-20,US05602XQR25,0.022401089448578427,0.040807,101.38,1.2413194444444446,0.9779,0.01465,0.022029852134047668,101.68889180078492,0.3088918007849202
stochastic refi spread (100bp vol),2026-02-20,US05602XQQ42,0.02165861481951691,0.040807,106.326,1.0968055555555554,0.9819,0.01575,0.022029852134047668,105.99836324811994,-0.3276367518800498
stochastic refi spread (100bp vol),2026-02-27,US05602XQR25,0.024271078974887117,0.039623,100.515,1.3750000000000002,0.9779,0.01465,0.023851122485725646,100.86037332115191,0.3453733211519108
stochastic refi spread (100bp vol),2026-02-27,US05602XQQ42,0.023431165996564175,0.039623,105.573,1.2416666666666665,0.9819,0.01575,0.023851122485725646,105.20612237290335,-0.36687762709664185
stochastic refi spread (100bp vol),2026-03-06,US05602XQR25,0.02556681812678317,0.041462000000000006,98.475,1.5468750000000002,0.97725,0.01485,0.02457691595578186,99.26819777758347,0.7931977775834724
stochastic refi spread (100bp vol),2026-03-06,US05602XQQ42,0.02358701378478055,0.041462000000000006,103.95,1.4279166666666665,0.9819,0.01575,0.02457691595578186,103.10470445062175,-0.8452955493782497
stochastic refi spread (100bp vol),2026-03-13,US05602XQR25,0.02558007256781186,0.042824999999999995,97.576,1.6805555555555558,0.97725,0.01485,0.025117410797196243,97.94103176720297,0.3650317672029786
stochastic refi spread (100bp vol),2026-03-13,US05602XQQ42,0.024654749026580627,0.042824999999999995,102.277,1.5727777777777776,0.98285,0.01555,0.025117410797196243,101.89153926045778,-0.38546073954222493
stochastic refi spread (100bp vol),2026-03-20,US05602XQR25,0.025261087361323983,0.04388499999999999,97.122,1.8142361111111114,0.97725,0.01485,0.024943495459411456,97.37083273173526,0.24883273173526277
stochastic refi spread (100bp vol),2026-03-20,US05602XQQ42,0.024625903557498927,0.04388499999999999,101.481,1.7176388888888887,0.98285,0.01555,0.024943495459411456,101.21886792668036,-0.2621320733196342
stochastic refi spread (100bp vol),2026-03-27,US05602XQR25,0.02608092423042997,0.044326,96.159,1.947916666666667,0.97725,0.01485,0.025852284194448495,96.3356347639967,0.1766347639966881
stochastic refi spread (100bp vol),2026-03-27,US05602XQQ42,0.025623644158467018,0.044326,100.287,1.8624999999999996,0.98285,0.01555,0.025852284194448495,100.10111819573125,-0.18588180426876022
stochastic refi spread (100bp vol),2026-04-03,US05602XQR25,0.025203028243217067,0.043158,97.776,2.0625000000000004,0.9769,0.01515,0.025138246354713525,97.82685516182875,0.05085516182874983
stochastic refi spread (100bp vol),2026-04-03,US05602XQQ42,0.02507346446620998,0.043158,101.505,1.9866666666666666,0.98285,0.01555,0.025138246354713525,101.45145927593022,-0.0535407240697765
stochastic refi spread (100bp vol),2026-04-10,US05602XQR25,0.02293384475375842,0.043163,99.536,2.196180555555556,0.97695,0.01515,0.022721490536419725,99.70696245924668,0.17096245924668096
stochastic refi spread (100bp vol),2026-04-10,US05602XQQ42,0.022509136319081028,0.043163,103.606,2.1315277777777775,0.9829,0.01555,0.022721490536419725,103.42572172841035,-0.1802782715896427
stochastic refi spread (100bp vol),2026-04-17,US05602XQR25,0.022674372484705566,0.042422,100.147,2.3298611111111116,0.9769,0.01515,0.023106776344692062,99.79706425769376,-0.34993574230624347
stochastic refi spread (100bp vol),2026-04-17,US05602XQS08,0.02412148745452809,0.042422,101.101,0.0,0.9771,0.01725,0.023106776344692062,102.01583616707876,0.9148361670787608
stochastic refi spread (100bp vol),2026-04-17,US05602XQQ42,0.022524469094842528,0.042422,104.337,2.2763888888888886,0.9828,0.0157,0.023106776344692062,103.84127365173225,-0.49572634826775186
stochastic refi spread (100bp vol),2026-04-24,US05602XQR25,0.022859868485119655,0.043038999999999994,99.536,2.463541666666667,0.9769,0.01515,0.022793558816343373,99.58936018808305,0.05336018808304743
stochastic refi spread (100bp vol),2026-04-24,US05602XQS08,0.023224547309018795,0.043038999999999994,101.368,0.13999999999999999,0.9771,0.01725,0.022793558816343373,101.75677843555317,0.3887784355531778
stochastic refi spread (100bp vol),2026-04-24,US05602XQQ42,0.022296260654891674,0.043038999999999994,104.0,2.4212499999999997,0.9828,0.0157,0.022793558816343373,103.57813723419883,-0.42186276580116555
stochastic refi spread (100bp vol),2026-05-01,US05602XQR25,0.022348396565493665,0.043806000000000005,99.695,2.5972222222222223,0.97675,0.01525,0.022373351692360793,99.67505513576141,-0.019944864238581772
stochastic refi spread (100bp vol),2026-05-01,US05602XQS08,0.023043777816908563,0.043806000000000005,100.9,0.27999999999999997,0.9771,0.01725,0.022373351692360793,101.50202056997466,0.6020205699746555
stochastic refi spread (100bp vol),2026-05-01,US05602XQQ42,0.021727880694680155,0.043806000000000005,103.868,2.566111111111111,0.98285,0.01565,0.022373351692360793,103.321679530769,-0.5463204692309915
stochastic refi spread (100bp vol),2026-05-08,US05602XQR25,0.02209397103138435,0.043655,100.025,2.730902777777778,0.9773,0.0147,0.022530389216523294,99.67575057641551,-0.34924942358449584
stochastic refi spread (100bp vol),2026-05-08,US05602XQS08,0.023728033216177783,0.043655,100.688,0.42,0.9779,0.01665,0.022530389216523294,101.75782116993679,1.0698211699367874
stochastic refi spread (100bp vol),2026-05-08,US05602XQQ42,0.021769163402007748,0.043655,103.968,2.710972222222222,0.9833,0.0152,0.022530389216523294,103.3237661559592,-0.644233844040798
stochastic refi spread (100bp vol),2026-05-15,US05602XQR25,0.022100019099774663,0.045887000000000004,98.605,2.864583333333334,0.9773,0.0147,0.022248131583209856,98.48859817054752,-0.11640182945248512
stochastic refi spread (100bp vol),2026-05-15,US05602XQS08,0.023200218467725266,0.045887000000000004,99.464,0.5599999999999999,0.9779,0.01665,0.022248131583209856,100.29960602263074,0.835606022630742
stochastic refi spread (100bp vol),2026-05-15,US05602XQQ42,0.021444157182129633,0.045887000000000004,102.854,2.855833333333333,0.98265,0.0154,0.022248131583209856,102.18774045838585,-0.6662595416141528
stochastic refi spread (100bp vol),2026-05-22,US05602XQR25,0.02159146130029737,0.045579999999999996,99.128,2.9982638888888897,0.9773,0.0147,0.02187721482765803,98.90195857935007,-0.22604142064993482
stochastic refi spread (100bp vol),2026-05-22,US05602XQS08,0.022788794094828802,0.045579999999999996,99.986,0.7,0.9779,0.01665,0.02187721482765803,100.79172039072397,0.8057203907239625
stochastic refi spread (100bp vol),2026-05-22,US05602XQQ42,0.021251389087847915,0.045579999999999996,103.164,3.0006944444444446,0.98265,0.0154,0.02187721482765803,102.642777893154,-0.5212221068459968
stochastic refi spread (100bp vol),2026-05-29,US05602XQR25,0.022004186090864575,0.044462,99.419,3.131944444444445,0.9773,0.0147,0.022315301469992565,99.17187156085122,-0.24712843914878135
stochastic refi spread (100bp vol),2026-05-29,US05602XQS08,0.02316670555763549,0.044462,100.412,0.84,0.9779,0.01665,0.022315301469992565,101.16851686163568,0.7565168616356743
stochastic refi spread (100bp vol),2026-05-29,US05602XQQ42,0.02177501276147763,0.044462,103.454,3.145555555555555,0.98265,0.0154,0.022315301469992565,103.00224192885956,-0.4517580711404321
stochastic refi spread (100bp vol),2026-06-05,US05602XQR25,0.0222048303066542,0.04545,98.911,3.2465277777777786,0.97755,0.01475,0.022337611024479,98.80674461845493,-0.10425538154507308
stochastic refi spread (100bp vol),2026-06-05,US05602XQS08,0.023162405237813922,0.04545,99.918,0.9599999999999999,0.9781,0.01675,0.022337611024479,100.64302665129826,0.7250266512982506
stochastic refi spread (100bp vol),2026-06-05,US05602XQQ42,0.021645597528968885,0.04545,102.824,3.2697222222222218,0.98265,0.0154,0.022337611024479,102.25063300541855,-0.5733669945814484
stochastic refi spread (100bp vol),2026-06-12,US05602XQR25,0.022532724806350067,0.044795,98.989,3.380208333333334,0.97755,0.01475,0.02278504708734917,98.79078930709584,-0.19821069290416915
stochastic refi spread (100bp vol),2026-06-12,US05602XQS08,0.02337749607890271,0.044795,100.149,1.0999999999999999,0.9781,0.01675,0.02278504708734917,100.67065997474111,0.5216599747411124
stochastic refi spread (100bp vol),2026-06-12,US05602XQQ42,0.022444920376794734,0.044795,102.792,3.414583333333333,0.98375,0.01465,0.02278504708734917,102.51085323472418,-0.28114676527582105
stochastic refi spread (100bp vol),2026-06-19,US05602XQR25,0.022686633725339224,0.044566999999999996,98.956,0.0763888888888889,0.9775,0.01475,0.023015499932344363,98.69782743892843,-0.25817256107157505
stochastic refi spread (100bp vol),2026-06-19,US05602XQS08,0.02379138664759891,0.044566999999999996,99.904,1.24,0.9781,0.01675,0.023015499932344363,100.58558090952292,0.6815809095229213
stochastic refi spread (100bp vol),2026-06-19,US05602XQQ42,0.022568479424094956,0.044566999999999996,102.867,3.559444444444444,0.98365,0.0146,0.023015499932344363,102.49759191843933,-0.36940808156067817
stochastic refi spread (100bp vol),2026-06-26,US05602XQR25,0.022791363025304334,0.043707,99.315,0.21006944444444448,0.9775,0.01475,0.02326500608438761,98.94145573696157,-0.3735442630384256
stochastic refi spread (100bp vol),2026-06-26,US05602XQS08,0.02401659336123234,0.043707,100.263,1.38,0.9781,0.01675,0.02326500608438761,100.92632976793989,0.6633297679398851
stochastic refi spread (100bp vol),2026-06-26,US05602XQQ42,0.022987061866626152,0.043707,103.048,3.7043055555555555,0.98365,0.0146,0.02326500608438761,102.81759977171663,-0.23040022828337214
stochastic refi spread (100bp vol),2026-07-03,US05602XQR25,0.02169823285160354,0.044725,99.805,0.34375000000000006,0.97785,0.01415,0.022144666026114524,99.45219618225639,-0.35280381774362013
stochastic refi spread (100bp vol),2026-07-03,US05602XQS08,0.02298300369220073,0.044725,100.64,1.5199999999999998,0.97825,0.01645,0.022144666026114524,101.38306639156198,0.7430663915619817
stochastic refi spread (100bp vol),2026-07-03,US05602XQQ42,0.0217527615345393,0.044725,103.298,0.12416666666666666,0.98365,0.0146,0.022144666026114524,102.97218891839069,-0.3258110816093165
stochastic refi spread (100bp vol),2026-07-10,US05602XQR25,0.021647551383687173,0.04561,99.245,0.47743055555555564,0.97785,0.01415,0.02205762906696948,98.92330340936923,-0.32169659063077916
stochastic refi spread (100bp vol),2026-07-10,US05602XQS08,0.022851154009802508,0.04561,100.051,1.6599999999999997,0.97825,0.01645,0.02205762906696948,100.74872109214084,0.6977210921408386
stochastic refi spread (100bp vol),2026-07-10,US05602XQQ42,0.021674181807418758,0.04561,102.669,0.26902777777777775,0.98365,0.0146,0.02205762906696948,102.35269061080126,-0.31630938919873586
stochastic refi spread (100bp vol),2026-07-17,US05602XQR25,0.021820181920398037,0.04546700000000001,99.131,0.6111111111111112,0.97785,0.01415,0.022441924846789755,98.6445037730282,-0.48649622697179495
stochastic refi spread (100bp vol),2026-07-17,US05602XQS08,0.023086397389088898,0.04546700000000001,99.891,1.7999999999999996,0.97825,0.01645,0.022441924846789755,100.45590323358628,0.5649032335862785
stochastic refi spread (100bp vol),2026-07-17,US05602XQQ42,0.02241919523088233,0.04546700000000001,102.358,0.41388888888888886,0.98335,0.01485,0.022441924846789755,102.33938781997104,-0.018612180028966918
stochastic refi spread (100bp vol),2026-07-24,US05602XQR25,0.022001561795159608,0.046799999999999994,98.154,0.7447916666666669,0.97785,0.01415,0.02275341963584991,97.5739847372027,-0.5800152627973034
stochastic refi spread (100bp vol),2026-07-24,US05602XQS08,0.02343984403229744,0.046799999999999994,98.592,1.94,0.97825,0.01645,0.02275341963584991,99.18317126465733,0.5911712646573335
stochastic refi spread (100bp vol),2026-07-24,US05602XQQ42,0.02281885308009269,0.046799999999999994,101.07,0.55875,0.98335,0.01485,0.02275341963584991,101.12271831636086,0.05271831636086688
stochastic refi spread (100bp vol),2026-07-31,US05602XQR25,0.020720174116296022,0.047166,98.93,0.8593750000000001,0.97745,0.0142,0.021707111521913403,98.16187765712301,-0.7681223428769925
stochastic refi spread (100bp vol),2026-07-31,US05602XQS08,0.022385777394826584,0.047166,99.213,2.0599999999999996,0.97825,0.01645,0.021707111521913403,99.80252177904667,0.5895217790466774
stochastic refi spread (100bp vol),2026-07-31,US05602XQQ42,0.02201538305461761,0.047166,101.434,0.6829166666666666,0.98335,0.01485,0.021707111521913403,101.68385719100097,0.24985719100097015
stochastic refi spread (100bp vol),2026-08-07,US05602XQR25,0.020429575628992294,0.046421000000000004,99.882,0.9930555555555557,0.9777,0.0142,0.02136611147048373,99.14816784344698,-0.7338321565530208
stochastic refi spread (100bp vol),2026-08-07,US05602XQS08,0.021824139268006637,0.046421000000000004,100.525,2.1999999999999997,0.97935,0.0162,0.02136611147048373,100.92699079266055,0.4019907926605413
stochastic refi spread (100bp vol),2026-08-07,US05602XQQ42,0.021844619514452247,0.046421000000000004,102.109,0.8277777777777777,0.9837,0.0145,0.02136611147048373,102.5003232715945,0.3913232715945014
stochastic refi spread (100bp vol),2026-08-14,US05602XQR25,0.020730220835034667,0.046818,99.344,1.1267361111111112,0.9777,0.0142,0.02144536626979013,98.7870658741787,-0.5569341258213001
stochastic refi spread (100bp vol),2026-08-14,US05602XQS08,0.021753774869299313,0.046818,100.241,2.3399999999999994,0.97935,0.0162,0.02144536626979013,100.51041693550856,0.26941693550855916
stochastic refi spread (100bp vol),2026-08-14,US05602XQQ42,0.02185210310503642,0.046818,102.055,0.9726388888888888,0.984,0.01445,0.02144536626979013,102.38580462483246,0.330804624832453
stochastic refi spread (100bp vol),2026-08-21,US05602XQR25,0.021086173678116445,0.047336,98.684,1.2604166666666667,0.9777,0.0142,0.021641837021865926,98.25471342115875,-0.42928657884124277
stochastic refi spread (100bp vol),2026-08-21,US05602XQS08,0.02207385166308573,0.047336,99.522,2.48,0.97935,0.0162,0.021641837021865926,99.89602786564274,0.3740278656427307
stochastic refi spread (100bp vol),2026-08-21,US05602XQQ42,0.021765485724395607,0.047336,101.69,1.1175,0.984,0.01445,0.021641837021865926,101.78996887909389,0.09996887909389329
stochastic refi spread (100bp vol),2026-08-28,US05602XQR25,0.021767277099738493,0.047257999999999994,98.122,1.3940972222222223,0.97765,0.01425,0.022322137745834223,97.69654579535263,-0.42545420464736594
stochastic refi spread (100bp vol),2026-08-28,US05602XQS08,0.02280653413128709,0.047257999999999994,98.874,2.6199999999999997,0.97935,0.0162,0.022322137745834223,99.28977597570332,0.41577597570332614
stochastic refi spread (100bp vol),2026-08-28,US05602XQQ42,0.022392602006477087,0.047257999999999994,101.152,1.2623611111111108,0.984,0.01445,0.022322137745834223,101.2085576670599,0.056557667059905725
stochastic refi spread (100bp vol),2026-09-04,US05602XQR25,0.02225518702434589,0.047821999999999996,97.691,1.5086805555555558,0.97845,0.01405,0.022414699023375204,97.56987871086889,-0.12112128913111064
stochastic refi spread (100bp vol),2026-09-04,US05602XQS08,0.022841567190136122,0.047821999999999996,98.684,2.7399999999999998,0.97955,0.0159,0.022414699023375204,99.04740962878165,0.3634096287816533
stochastic refi spread (100bp vol),2026-09-04,US05602XQQ42,0.02214734285564361,0.047821999999999996,100.929,1.3865277777777778,0.984,0.01445,0.022414699023375204,100.71545434377401,-0.21354565622598898
stochastic refi spread (100bp vol),2026-09-11,US05602XQR25,0.022243625382529875,0.049748,96.545,1.6423611111111114,0.9784,0.01405,0.022397528465963882,96.43000255993998,-0.11499744006002288
stochastic refi spread (100bp vol),2026-09-11,US05602XQS08,0.02272060447336531,0.049748,97.398,2.88,0.97955,0.0159,0.022397528465963882,97.66807803920469,0.27007803920469087
stochastic refi spread (100bp vol),2026-09-11,US05602XQQ42,0.022228355541996467,0.049748,99.726,1.5313888888888887,0.98395,0.01445,0.022397528465963882,99.59360328814007,-0.13239671185992563
stochastic refi spread (100bp vol),2026-09-18,US05602XQR25,0.02280347767320741,0.05006,95.883,1.776041666666667,0.9784,0.01405,0.02296598957150377,95.76267850719519,-0.12032149280480553
stochastic refi spread (100bp vol),2026-09-18,US05602XQS08,0.023192787202909165,0.05006,96.729,3.0199999999999996,0.97955,0.0159,0.02296598957150377,96.9167083668863,0.187708366886298
stochastic refi spread (100bp vol),2026-09-18,US05602XQQ42,0.022901703838394738,0.05006,99.0,1.6762499999999998,0.98375,0.01445,0.02296598957150377,98.95019715379628,-0.04980284620371833
stochastic refi spread (100bp vol),2026-09-25,US05602XQR25,0.023600804594964345,0.051581999999999996,94.394,1.9097222222222225,0.97835,0.01405,0.023560082293491328,94.42354217007535,0.029542170075345098
stochastic refi spread (100bp vol),2026-09-25,US05602XQS08,0.023676479876297018,0.051581999999999996,95.252,3.1599999999999997,0.97955,0.0159,0.023560082293491328,95.34628119179082,0.09428119179082728
stochastic refi spread (100bp vol),2026-09-25,US05602XQQ42,0.02340296240921263,0.051581999999999996,97.566,1.821111111111111,0.98375,0.01445,0.023560082293491328,97.44664033439508,-0.11935966560491806
