curve,refi_shift_bp,isin,implied_ponv,p_call_first
fred,-20.0,US05602XQR25,0.021702965558284475,0.50715
fred,-20.0,US05602XQS08,0.021445880499423337,0.5287
fred,-20.0,US05602XQQ42,0.02149587096834864,0.59845
fred,0.0,US05602XQR25,0.022997307484935992,0.50555
fred,0.0,US05602XQS08,0.022756803660656695,0.52825
fred,0.0,US05602XQQ42,0.022780693548223162,0.59725
fred,20.0,US05602XQR25,0.02425079368755084,0.50395
fred,20.0,US05602XQS08,0.02402814926695038,0.52775
fred,20.0,US05602XQQ42,0.024022959645647733,0.5965
ust10,-20.0,US05602XQR25,0.02138937538412431,0.50725
ust10,-20.0,US05602XQS08,0.02160381769813573,0.52875
ust10,-20.0,US05602XQQ42,0.02144385100119769,0.59865
ust10,0.0,US05602XQR25,0.02267692585009634,0.5057
ust10,0.0,US05602XQS08,0.022935448634799207,0.5283
ust10,0.0,US05602XQQ42,0.02273732998833884,0.59735
ust10,20.0,US05602XQR25,0.02392399911580751,0.5041
ust10,20.0,US05602XQS08,0.02422712167397327,0.52775
ust10,20.0,US05602XQQ42,0.023987591950722215,0.5965
matched,-20.0,US05602XQR25,0.022249984758220254,0.50685
matched,-20.0,US05602XQS08,0.0216778666666226,0.5286
matched,-20.0,US05602XQQ42,0.02152636407562225,0.5984
matched,0.0,US05602XQR25,0.02356869120520182,0.5055
matched,0.0,US05602XQS08,0.022994161361512503,0.5282
matched,0.0,US05602XQQ42,0.02280483955587125,0.59725
matched,20.0,US05602XQR25,0.024845207633396413,0.50385
matched,20.0,US05602XQS08,0.02427135321673227,0.52765
matched,20.0,US05602XQQ42,0.02404148626495742,0.5964
