isin,new_issue_spread_bp,p_call_first
US05602XQR25,150.0,0.8319
US05602XQR25,174.99999999999997,0.79035
US05602XQR25,199.99999999999997,0.73545
US05602XQR25,224.99999999999994,0.66735
US05602XQR25,249.99999999999994,0.59085
US05602XQR25,274.99999999999994,0.5062
US05602XQR25,299.99999999999994,0.41825
US05602XQR25,324.9999999999999,0.3282
US05602XQR25,349.9999999999999,0.2467
US05602XQR25,374.99999999999994,0.1774
US05602XQR25,399.9999999999999,0.1223
US05602XQR25,424.99999999999983,0.08005
US05602XQR25,449.99999999999983,0.0489
US05602XQS08,150.0,0.8443
US05602XQS08,174.99999999999997,0.80735
US05602XQS08,199.99999999999997,0.75705
US05602XQS08,224.99999999999994,0.6907
US05602XQS08,249.99999999999994,0.6132
US05602XQS08,274.99999999999994,0.5289
US05602XQS08,299.99999999999994,0.4393
US05602XQS08,324.9999999999999,0.3522
US05602XQS08,349.9999999999999,0.2667
US05602XQS08,374.99999999999994,0.19235
US05602XQS08,399.9999999999999,0.1342
US05602XQS08,424.99999999999983,0.0896
US05602XQS08,449.99999999999983,0.05515
US05602XQQ42,150.0,0.8641
US05602XQQ42,174.99999999999997,0.83755
US05602XQQ42,199.99999999999997,0.79935
US05602XQQ42,224.99999999999994,0.74495
US05602XQQ42,249.99999999999994,0.67755
US05602XQQ42,274.99999999999994,0.5983
US05602XQQ42,299.99999999999994,0.50845
US05602XQQ42,324.9999999999999,0.4173
US05602XQQ42,349.9999999999999,0.33005
US05602XQQ42,374.99999999999994,0.25105
US05602XQQ42,399.9999999999999,0.18135
US05602XQQ42,424.99999999999983,0.1246
US05602XQQ42,449.99999999999983,0.08275
