scenario,kappa,cet1,clean
kappa low (5%),0.06287383751566829,6.0,36.19766635608998
kappa low (5%),0.06287383751566829,6.5,39.57200419020262
kappa low (5%),0.06287383751566829,7.0,43.69148273035355
kappa low (5%),0.06287383751566829,7.5,47.722813936919536
kappa low (5%),0.06287383751566829,8.0,52.43037083997784
kappa low (5%),0.06287383751566829,8.5,57.34096380906763
kappa low (5%),0.06287383751566829,9.0,62.330655603934154
kappa low (5%),0.06287383751566829,9.5,68.00691941102824
kappa low (5%),0.06287383751566829,10.0,73.35972430456677
kappa low (5%),0.06287383751566829,10.5,79.52282307430784
kappa low (5%),0.06287383751566829,11.0,84.54209023299398
kappa low (5%),0.06287383751566829,11.5,87.73854863358689
kappa low (5%),0.06287383751566829,12.0,90.31756623997973
kappa low (5%),0.06287383751566829,12.5,92.53908674682079
kappa low (5%),0.06287383751566829,13.0,94.49113733732347
kappa low (5%),0.06287383751566829,13.5,96.17706558310178
kappa low (5%),0.06287383751566829,14.0,97.61446936564224
kappa low (5%),0.06287383751566829,14.5,98.8380846896051
kappa low (5%),0.06287383751566829,15.0,99.91954640460861
historical MLE,0.16457698108742866,6.0,56.900919232578694
historical MLE,0.16457698108742866,6.5,60.4361804461813
historical MLE,0.16457698108742866,7.0,64.1430335233267
historical MLE,0.16457698108742866,7.5,67.5172307344094
historical MLE,0.16457698108742866,8.0,71.27107995091129
historical MLE,0.16457698108742866,8.5,74.6820558598156
historical MLE,0.16457698108742866,9.0,78.17045987771232
historical MLE,0.16457698108742866,9.5,81.77070035077223
historical MLE,0.16457698108742866,10.0,84.9922200524833
historical MLE,0.16457698108742866,10.5,88.57919338080056
historical MLE,0.16457698108742866,11.0,90.76712735943073
historical MLE,0.16457698108742866,11.5,91.92232071326042
historical MLE,0.16457698108742866,12.0,92.87227774984304
historical MLE,0.16457698108742866,12.5,93.70940383220002
historical MLE,0.16457698108742866,13.0,94.42612326098481
historical MLE,0.16457698108742866,13.5,95.03807122087169
historical MLE,0.16457698108742866,14.0,95.559017227283
historical MLE,0.16457698108742866,14.5,96.00116289170919
historical MLE,0.16457698108742866,15.0,96.39796965827706
base case,0.35,6.0,73.4795104663781
base case,0.35,6.5,76.2206876166451
base case,0.35,7.0,78.51039814266662
base case,0.35,7.5,80.77688437860164
base case,0.35,8.0,83.07316131467881
base case,0.35,8.5,85.0062276017518
base case,0.35,9.0,87.0607594485728
base case,0.35,9.5,88.9948466018248
base case,0.35,10.0,90.66857691365739
base case,0.35,10.5,92.518576579934
base case,0.35,11.0,93.26917214631078
base case,0.35,11.5,93.62624374138012
base case,0.35,12.0,93.92633835615283
base case,0.35,12.5,94.18980548000819
base case,0.35,13.0,94.40740343348978
base case,0.35,13.5,94.59814890155111
base case,0.35,14.0,94.7461320075573
base case,0.35,14.5,94.87898359357936
base case,0.35,15.0,94.99494297825925
kappa high (95%),0.4755042725072721,6.0,78.76357176098337
kappa high (95%),0.4755042725072721,6.5,80.89322829990553
kappa high (95%),0.4755042725072721,7.0,82.56831309849566
kappa high (95%),0.4755042725072721,7.5,84.50083786470904
kappa high (95%),0.4755042725072721,8.0,86.1856754295364
kappa high (95%),0.4755042725072721,8.5,87.6222737689338
kappa high (95%),0.4755042725072721,9.0,89.30014683039086
kappa high (95%),0.4755042725072721,9.5,90.66738308021053
kappa high (95%),0.4755042725072721,10.0,91.92562918707542
kappa high (95%),0.4755042725072721,10.5,93.29316946009494
kappa high (95%),0.4755042725072721,11.0,93.72943272648511
kappa high (95%),0.4755042725072721,11.5,93.93829067033103
kappa high (95%),0.4755042725072721,12.0,94.1183197612962
kappa high (95%),0.4755042725072721,12.5,94.26737349775101
kappa high (95%),0.4755042725072721,13.0,94.39974160379073
kappa high (95%),0.4755042725072721,13.5,94.51135080368793
kappa high (95%),0.4755042725072721,14.0,94.6001859458585
kappa high (95%),0.4755042725072721,14.5,94.67873746640963
kappa high (95%),0.4755042725072721,15.0,94.74506560326775
