isin,cet1,clean
US05602XQR25,6.0,71.64898943034417
US05602XQR25,6.5,74.54521983579343
US05602XQR25,7.0,77.04853538375666
US05602XQR25,7.5,79.42880019664135
US05602XQR25,8.0,81.93499640380183
US05602XQR25,8.5,84.0650201115572
US05602XQR25,9.0,86.27300291392947
US05602XQR25,9.5,88.41255953600104
US05602XQR25,10.0,90.24966146471714
US05602XQR25,10.5,92.32450309787552
US05602XQR25,11.0,93.08881492527885
US05602XQR25,11.5,93.49473546890955
US05602XQR25,12.0,93.86034838711812
US05602XQR25,12.5,94.1459813766923
US05602XQR25,13.0,94.40920056708231
US05602XQR25,13.5,94.6228517802226
US05602XQR25,14.0,94.80308064534394
US05602XQR25,14.5,94.95797282519328
US05602XQR25,15.0,95.08402035547915
US05602XQS08,6.0,70.16552216294795
US05602XQS08,6.5,72.84397222746371
US05602XQS08,7.0,76.02424007833733
US05602XQS08,7.5,78.58415936473357
US05602XQS08,8.0,81.25154127734844
US05602XQS08,8.5,83.69838689100641
US05602XQS08,9.0,85.84762113776682
US05602XQS08,9.5,88.46435839800705
US05602XQS08,10.0,90.4182542588843
US05602XQS08,10.5,92.82002999852651
US05602XQS08,11.0,93.87425571193192
US05602XQS08,11.5,94.29950410237713
US05602XQS08,12.0,94.685559040133
US05602XQS08,12.5,94.99006309537624
US05602XQS08,13.0,95.26720246070795
US05602XQS08,13.5,95.49699763020138
US05602XQS08,14.0,95.69277723984051
US05602XQS08,14.5,95.85232702600835
US05602XQS08,15.0,95.98970851662816
US05602XQQ42,6.0,73.39528848044425
US05602XQQ42,6.5,76.45377659315442
US05602XQQ42,7.0,79.09779985815166
US05602XQQ42,7.5,81.61989066548186
US05602XQQ42,8.0,84.27917643048052
US05602XQQ42,8.5,86.53585100858744
US05602XQQ42,9.0,88.8866261987856
US05602XQQ42,9.5,91.16453568178885
US05602XQQ42,10.0,93.12631473620839
US05602XQQ42,10.5,95.35206074376282
US05602XQQ42,11.0,96.1737559049905
US05602XQQ42,11.5,96.60963156897054
US05602XQQ42,12.0,97.00080889799352
US05602XQQ42,12.5,97.30390173389742
US05602XQQ42,13.0,97.58222102650555
US05602XQQ42,13.5,97.8135329613206
US05602XQQ42,14.0,98.00667406723298
US05602XQQ42,14.5,98.1709013446235
US05602XQQ42,15.0,98.30685278866167
