isin,component,dirty,clean,ytc,cum_spread_bp,contribution_bp
US05602XQR25,risk-free to call,112.37747036732137,110.46774814509914,0.05121115457361413,0.0,0.0
US05602XQR25,PONV / tail / liquidity,98.20074540514311,96.29102318292088,0.07547856389827574,242.67409324661614,242.67409324661614
US05602XQR25,MDA coupon cuts,97.15769489714103,95.2479726749188,0.07743549551557334,262.2434094195921,19.569316172975988
US05602XQR25,conversion,96.93793426238261,95.02821204016038,0.07785117344349148,266.40018869877343,4.156779279181308
US05602XQR25,extension,96.3037214807683,94.39399925854607,0.07905747116724404,278.4631659362991,12.062977237525672
US05602XQR25,market,96.30372222222223,94.394,0.0790574697511268,278.46315177512673,
US05602XQS08,risk-free to call,118.26548541657147,115.10548541657147,0.05177020486556237,0.0,0.0
US05602XQS08,PONV / tail / liquidity,100.61702491198581,97.45702491198581,0.075785185735284,240.14980869721634,240.14980869721634
US05602XQS08,MDA coupon cuts,99.190758094349,96.030758094349,0.07796442262377712,261.94217758214745,21.792368884931108
US05602XQS08,conversion,98.88365848304885,95.72365848304885,0.07843906425256901,266.68859387006637,4.746416287918919
US05602XQS08,extension,98.41199702989493,95.25199702989494,0.07917185227564548,274.0164741008311,7.32788023076472
US05602XQS08,market,98.41199999999999,95.252,0.0791718476465867,274.01642781024333,
US05602XQQ42,risk-free to call,117.90219083155617,116.08107972044506,0.05145506186893108,0.0,0.0
US05602XQQ42,PONV / tail / liquidity,101.25948796287776,99.43837685176665,0.07538356304676176,239.2850117783068,239.2850117783068
US05602XQQ42,MDA coupon cuts,99.90157978710346,98.08046867599235,0.07755619150260962,261.01129633678534,21.72628455847854
US05602XQQ42,conversion,99.64647144786566,97.82536033675456,0.07796861253065579,265.1355066172471,4.124210280461739
US05602XQQ42,extension,99.38711074088394,97.56599962977283,0.07838930811055118,269.342462416201,4.2069557989539135
US05602XQQ42,market,99.38711111111111,97.566,0.07838930750901356,269.34245640082474,
