,6.875% NC33,7.20% NC36,7.45% NC35
Rates +100bp,-5.217890586079022,-6.315243259773354,-6.072268362760369
Rates -100bp,5.608832932081597,6.906894166567071,6.598035817657191
AT1 spreads +200bp,-16.931964088909822,-16.781140953249448,-16.00297910378994
CET1 -2pp (capital only),-1.1520553808513228,-1.2233035107236674,-1.2312152342605032
CET1 -4.2pp = EBA adverse (capital only),-8.32161353518967,-9.463340489681158,-8.881911415430338
EBA adverse + spreads +200bp,-24.595166194268614,-25.550074257438197,-24.234168356912804
PONV scare (hazard x3),-26.829071710731654,-28.976456923344045,-27.87846127643455
"March-2023 style: spreads +200bp, rates -50bp",-15.13553706005824,-14.43561152538706,-13.657691613508234
base clean price (model),94.39399925854607,95.25199702989494,97.56599962977283
